#
# Airport Codes
#
# 3 Letter Code; Airport Name; Location
#
AAE;Les Salines;Annaba, Algeria
AAL;Aalborg;Aalborg, Denmark
AAR;Tirstrup;Aarhus, Denmark
ABE;Allentown-Bethlehem-Easton ;Allentown, PA, USA
ABI;Municipal;Abilene, TX, USA
ABJ;Port Bouet;Abidjan, Cote D'ivoire
ABL;;Ambler, AK, USA
ABM;;Bamaga, Queensland, Australia
ABQ;Albuquerque Intl ;Albuquerque, NM, USA
ABR;Aberdeen Regional ;Aberdeen, SD, USA
ABS;Abu Simbel;Abu Simbel, Egypt
ABX;Albury;Albury, New South Wales, Australia
ABY;Dougherty County;Albany, GA, USA
ABZ;Dyce;Aberdeen, Scotland, United Kingdom
ACA;Alvarez Intl;Acapulco, Guerrero, Mexico
ACC;Kotoka;Accra, Ghana
ACE;Lanzarote;Lanzarote, Canary Islands, Spain
ACI;The Blaye;Alderney, Channel Islands, United Kingdom
ACK;;Nantucket, MA, USA
ACT;Madison Cooper;Waco, TX, USA
ACV;Arcata/Eureka ;Arcata, CA, USA
ACY;Atlantic City Intl;Atlantic City /Atlantic Cty, NJ, USA
ADA;Adana;Adana, Turkey
ADB;Adnam Menderes;Izmir, Turkey
ADD;Bole;Addis Ababa, Ethiopia
ADJ;Civil;Amman, Jordan
ADL;Adelaide;Adelaide, South Australia, Australia
ADQ;;Kodiak, AK, USA
ADZ;;San Andres Island, Colombia
AEP;Jorge Newberry;Buenos Aires, Buenos Aires, Argentina
AES;Vigra;Aalesund, Norway
AET;;Allakaket, AK, USA
AEX;Alexandria Intl ;Alexandria, LA, USA
AEY;Akureyri;Akureyri, Iceland
AGA;Inezgane;Agadir, Morocco
AGB;Muehlhausen;Augsburg, Germany
AGF;La Garenne;Agen, France
AGH;Angelholm/Helsingborg;Helsingborg, Sweden
AGP;Malaga;Malaga, Spain
AGR;Kheria;Agra, India
AGS;Bush Field;Augusta, GA, USA
AGU;;Aguascalientes, Aguascalientes, Mexico
AHN;;Athens, GA, USA
AHO;Fertilia;Alghero, Sardinia, Italy
AIA;;Alliance, NE, USA
AIN;;Wainwright, AK, USA
AJN;;Anjouan,Comoros
AJA;Campo Dell Oro;Ajaccio, Corsica, France
AJU;;Aracaju, Sergipe, Brazil
AKJ;Asahikawa;Asahikawa, Japan
AKL;Auckland Intl ;Auckland, New Zealand
ALA;Almaty;Almaty, Kazakhstan
ALB;Albany County ;Albany, NY, USA
ALC;Alicante;Alicante, Spain
ALE;Alpine Texas;Alpine, TX, USA
ALF;Elvebakken;Alta, Norway
ALG;Houari Boumedienne;Algiers, Algeria
ALM;;Alamogordo, NM, USA
ALO;Waterloo Municipal ;Waterloo, IA, USA
ALP;Nejrab;Aleppo, Syria
ALS;Bergman Field;Alamosa, CO, USA
ALW;;Walla Walla, WA, USA
ALY;Alexandria;Alexandria, Egypt
AMA;Amarillo Intl ;Amarillo, TX, USA
AMD;Ahmedabad;Ahmedabad, India
AMI;Selaparang;Mataram, Indonesia
AMM;Queen Alia Intl;Amman, Jordan
AMQ;Pattimura;Ambon, Indonesia
AMS;Schiphol;Amsterdam, Netherlands
ANB;Municipal;Anniston, AL, USA
ANC;Anchorage Intl;Anchorage, AK, USA
ANF;Cerro Moreno;Antofagasta, Chile
ANG;Gel-Air;Angouleme, France
ANI;;Aniak, AK, USA
ANR;Deurne;Antwerp, Belgium
ANU;Vc Bird Intl;Saint Johns / Antigua, Antigua And Barbuda
ANV;;Anvik, AK, USA
AOI;Falconara;Ancona, Italy
AOJ;;Aomori, Japan
AOK;Karpathos;Karpathos, Greece
AOO;Blair County;Altoona / Martinsburg, PA, USA
AOR;Sultan Abdul Halim;Alor Setar, Malaysia
APF;;Naples, FL, USA
APL;;NampulaMozambique
APN;Alpena Regional ;Alpena, MI, USA
APW;Faleolo;Apia, Samoa
AQJ;Aqaba;Aqaba, Jordan
AQP;Rodriguez Ballon;Arequipa, Peru
ARH;Arkhangelsk;Arkhangelsk, Russia
ARI;Chacalluta;Arica, Chile
ARM;Armidale;Armidale, New South Wales, Australia
ARN;Arlanda Intl;Stockholm, Sweden
ART;Watertown;Watertown, NY, USA
ASD;;Andros Town, Bahamas
ASE;Pitkin County  Sardy Field;Aspen, CO, USA
ASM;Asmara Intl/Yohannes Iv;Asmara, Eritrea
ASP;Alice Springs;Alice Springs, Northern Territory, Australia
ASU;Silvio Pettirossi;Asuncion, Paraguay
ASW;Daraw;Aswan, Egypt
ATC;;Arthurs Town, Bahamas
ATH;Hellinikon;Athens, Greece
ATL;Hartsfield Intl;Atlanta, GA, USA
ATW;Outagamie County ;Appleton, WI, USA
ATY;;Watertown, SD, USA
AUA;Reina Beatrix;Aruba, Aruba
AUC;;Arauca, Colombia
AUG;Maine State;Augusta, ME, USA
AUH;Abu Dhabi Intl;Abu Dhabi, United Arab Emirates
AUS;Robert Mueller Municipal ;Austin, TX, USA
AVL;Asheville Regional ;Asheville / Hendersonville, NC, USA
AVN;Caumont;Avignon, France
AVP;Wilkes-Barre/Scranton Intl;Wilkes Barre/Scranton, PA, USA
AXA;;Anguilla, Anguilla
AXD;Alexandroupolis;Alexandroupolis, Greece
AYQ;Connellan;Ayers Rock, Northern Territory, Australia
AYT;Antalya;Antalya, Turkey
AZO;Kalamazoo/Battle Creek Intl;Kalamazoo, MI, USA
BAH;Bahrain Intl Bahrain;Bahrain, Bahrain
BAK;Baku;Baku, Azerbaijan
BAL;Nearest Air Service Through Diyarbakir;Batman, Turkey
BAQ;E Cortissoz;Barranquilla, Colombia
BAX;Barnaul ;Barnaul, Russia
BBI;Bhubaneswar;Bhubaneswar, India
BBK;Kasane;Kasane, Botswana
BBU;Baneasa;Bucharest, Romania
BCD;Bacolod;Bacolod, Philippines
BCN;Barcelona;Barcelona, Spain
BDA;Kindley Airfield/Civil Air Terminal;Bermuda/Hamilton, Bermuda
BDJ;Syamsudin Noor;Banjarmasin, Indonesia
BDL;Bradley Intl ;Hartford, CT, USA
BDO;Husein Sastranegara;Bandung, Indonesia
BDQ;Vadodara;Vadodara, India
BDR;Sikorsky Memorial;Bridgeport, CT, USA
BED;Bedford;Bedford, MA, USA
BEG;Belgrade-Beograd;Belgrade, Yugoslavia
BEH;Ross Field;Benton Harbor, MI, USA
BEI;Beica;Beica, Ethiopia
BEL;Val De Cans;Belem, Para, Brazil
BEO;Belmont;Newcastle, New South Wales, Australia
BER;Schoenefeld;Berlin, Germany
BES;Guipavas;Brest, France
BET;Bethel;Bethel, AK, USA
BEW;Beira;Beira, Mozambique
BEY;Intl;Beirut, Lebanon
BFD;Bradford Regional;Bradford, PA, USA
BFF;William B Heiling Field;Scottsbluff, NE, USA
BFL;Meadows Field;Bakersfield, CA, USA
BFN;Jbm Hertzog;Bloemfontein, South Africa
BFS;Belfast Intl;Belfast, Northern Ireland, United Kingdom
BGA;Palo Negro;Bucaramanga, Colombia
BGF;Bangui;Bangui, Central African Republic
BGI;Grantley Adams Intl;Bridgetown, Barbados
BGK;Big Creek;Big Creek, Belize
BGM;Edwin Alink Field;Binghamton/Endicott/Johnson City, NY, USA
BGO;Flesland;Bergen, Norway
BGR;Bangor Intl ;Bangor, ME, USA
BGY;Orio Al Serio;Milan, Italy
BHB;;Bar Harbor, ME, USA
BHD;Belfast Harbor;Belfast, Northern Ireland, United Kingdom
BHI;Commandante;Bahia Blanca, Buenos Aires, Argentina
BHK;;Bukhara, Uzbekistan
BHM;Seibels/Bryan ;Birmingham, AL, USA
BHQ;Broken Hill;Broken Hill, New South Wales, Australia
BHS;Raglan;Bathurst, New South Wales, Australia
BHX;Intl;Birmingham, England, United Kingdom
BIA;Poretta;Bastia, Corsica, France
BIK;Mokmer;Biak, Indonesia
BIL;Billings Logan Intnl ;Billings, MT, USA
BIM;Bimini Island Intl;Bimini, Bahamas
BIO;Sondica;Bilbao, Spain
BIQ;Parme;Biarritz, France
BIS;Bismarck Mannan Municipal;Bismarck, ND, USA
BJI;Bemidji Municipal ;Bemidji, MN, USA
BJL;Yundum Intl;Banjul, Gambia
BJX;Del Bajio;Leon/Guanajuato, Guanajuato, Mexico
BKI;Kota Kinabalu;Kota Kinabalu, Sabah, Malaysia
BKK;Bangkok Intl ;Bangkok, Thailand
BKO;Senou;Bamako, Mali
BKW;;Beckley, WV, USA
BKX;Brookings Municipal ;Brookings, SD, USA
BLA;Gral Jose Antonio Anzoategui;Barcelona, Venezuela
BLF;;Bluefield, WV, USA
BLI;Bellingham Intl;Bellingham, WA, USA
BLK;Blackpool;Blackpool, England, United Kingdom
BLL;Billund;Billund, Denmark
BLQ;Guglielmo Marconi;Bologna, Italy
BLR;Hindustan;Bangalore, India
BLZ;Chileka;Blantyre, Malawi
BMA;Bromma ;Stockholm, Sweden
BMG;Monroe County ;Bloomington, IN, USA
BMI;Normal;Bloomington, IL, USA
BNA;Nashville Metropolitan ;Nashville, TN, USA
BNE;Brisbane Intl ;Brisbane, Queensland, Australia
BNJ;Train Main Railroad Station;Bonn, Germany
BNN;Bronnoy;Bronnoysund, Norway
BNS;Barinas;Barinas, Venezuela
BOD;Merignac;Bordeaux, France
BOG;Eldorado;Bogota, Colombia
BOI;Boise Municipal  (Gowen Field);Boise, ID, USA
BOM;Bombay;Bombay, India
BON;Flamingo Field;Bonaire, Netherlands Antilles
BOO;Bodo;Bodo, Norway
BOS;Logan Intl ;Boston, MA, USA
BPS;Porto Seguro;Porto Seguro, Bahia, Brazil
BPT;Jefferson County;Beaumont, TX, USA
BQK;Glynco Jetport;Brunswick, GA, USA
BQN;;Aguadilla, PR, USA
BRC;Intl;San Carlos De Bariloche, Rio Negro, Argentina
BRD;;Brainerd, MN, USA
BRE;Bremen;Bremen, Germany
BRI;;Bari, Italy
BRL;Burlington Municipal ;Burlington, IA, USA
BRM;Barquisimeto;Barquisimeto, Venezuela
BRN;Belp;Berne, Switzerland
BRO;South Padre Island Intl;Brownsville, TX, USA
BRQ;Turany;Brno, Czech Republic
BRR;North Bay;Barra / Hebrides Islands, Scotland, United Kingdom
BRS;Bristol;Bristol, England, United Kingdom
BRT;;Bathurst Island, Northern Territory, Australia
BRU;National;Brussels, Belgium
BRW;Barrow;Barrow, AK, USA
BSB;Intl;Brasilia, Distrito Federal, Brazil
BSK;Biskra;Biskra, Algeria
BSL;Basel;Basel, Switzerland
BTM;;Butte, MT, USA
BTS;Ivanka;Bratislava, Slovakia
BTU;Bintulu;Bintulu, Sarawak, Malaysia
BTV;Burlington Intl ;Burlington, VT, USA
BUD;Ferihegy;Budapest, Hungary
BUF;Greater Buffalo Intl ;Buffalo, NY, USA
BUQ;Bulawayo;Bulawayo, Zimbabwe
BUR;Burbank Glendale Pasadena ;Burbank, CA, USA
BUZ;Bushehr;Bushehr, Iran
BVB;;Boa Vista, Roraima, Brazil
BVE;Laroche;Brive-La-Gaillarde, France
BVI;Birdsville;Birdsville, Queensland, Australia
BWA;Bhairawa;Bhairawa, Nepal
BWI;Baltimore-Washington Intl;Baltimore, MD, USA
BWN;Brunei Intl;Bandar Seri Begawan, Brunei Darussalam
BXN;Imsik ;Bodrum, Turkey
BXU;Butuan;Butuan, Philippines
BYU;Bindlacher Berg;Bayreuth, Germany
BZE;Belize Intl;Belize City, Belize
BZN;Gallatin Field;Bozeman, MT, USA
BZR;Beziers-Vias;Beziers, France
CAE;Columbia Sc  Metropolitan;Columbia, SC, USA
CAG;Elmas;Cagliari, Sardinia, Italy
CAI;Intl;Cairo, Egypt
CAJ;;Canaima, Venezuela
CAK;Akron-Canton Regional ;Akron/Canton, OH, USA
CAN;Baiyun;Guangzhou, China
CAS;Anfa;Casablanca, Morocco
CAY;Rochambeau;Cayenne, French Guiana
CBB;San Jose De La Banda;Cochabamba, Bolivia
CBE;Municipal;Cumberland, MD, USA
CBG;Cambridge;Cambridge, England, United Kingdom
CBL;;Ciudad Bolivar, Venezuela
CBR;Canberra;Canberra, Australian Capital Territory, Australia
CCF;Salvaza ;Carcassonne, France
CCJ;;Calicut, India
CCP;Carriel Sur;Concepcion, Chile
CCS;Simon Bolivar Intl;Caracas, Venezuela
CCU;Calcutta;Calcutta, India
CDC;;Cedar City, UT, USA
CDG;Charles De Gaulle;Paris, France
CDH;;Camden, AR, USA
CDR;;Chadron, NE, USA
CDV;;Cordova, AK, USA
CEB;Intl;Cebu, Philippines
CEC;Crescent City Municipal ;Crescent City, CA, USA
CEI;Chiang Rai;Chiang Rai, Thailand
CEN;;Ciudad Obregon, Sonora, Mexico
CER;Maupertus;Cherbourg, France
CEZ;Montezuma County;Cortez, CO, USA
CFR;Carpiquet;Caen, France
CFU;Kerkyra;Kerkyra, Greece
CGA;;Craig, AK, USA
CGB;;Cuiaba, Mato Grosso, Brazil
CGH;Congonhas;Sao Paulo, Sao Paulo, Brazil
CGI;Municipal ;Cape Girardeau, MO, USA
CGK;Soekarno Hatta Intl;Jakarta, Indonesia
CGN;Koeln/Bonn;Cologne/Bonn, Germany
CGO;;Zhengzhou, China
CGP;Patenga;Chittagong, Bangladesh
CGQ;;Changchun, China
CGR;;Campo Grande, Mato Grosso Do Sul, Brazil
CGX;Meigs Field;Chicago, IL, USA
CGX;Midway / Ohare / Meigs;Chicago, IL, USA
CHA;Cha Lovell Field;Chattanooga, TN, USA
CHC;Intl;Christchurch, New Zealand
CHO;Charlottesville/Albemarle;Charlottesville, VA, USA
CHQ;Souda;Chania, Crete Island, Greece
CHS;Charleston Intl ;Charleston, SC, USA
CIA;Ciampino;Rome, Italy
CIC;Chico Municipal Air Terminal;Chico, CA, USA
CID;Municipal;Cedar Rapids, IA, USA
CIU;Chippewa County Intl ;Sault Ste Marie, MI, USA
CIX;Cornel Ruiz;Chiclayo, Peru
CJB;Peelamedu;Coimbatore, India
CJS;Intl Abraham Gonzalez;Ciudad Juarez, Chihuahua, Mexico
CJU;Cheju;Cheju, South Korea
CKB;Clarksburg-Benedum ;Clarksburg, WV, USA
CKS;Intl / Brasilia Brazil;Carajas, Para, Brazil
CKY;Conakry;Conakry, Guinea
CLD;Carlsbad/Palomar ;Carlsbad, CA, USA
CLE;Hopkins Intl ;Cleveland, OH, USA
CLJ;Cluj;Cluj, Romania
CLL;;College Station, TX, USA
CLM;Wm Fairchild Intl ;Port Angeles, WA, USA
CLO;Alfonso Bonilla Aragon;Cali, Colombia
CLQ;;Colima, Colima, Mexico
CLT;Charlotte/Douglas Intl ;Charlotte, NC, USA
CLY;Ste Catherine;Calvi, Corsica, France
CMB;Katunayake Intl;Colombo, Sri Lanka
CME;;Ciudad Del Carmen, Campeche, Mexico
CMF;Chambery Aix-Les-Bains;Chambery, France
CMG;Corumba;Corumba, Mato Grosso Do Sul, Brazil
CMH;Port Columbus Intl ;Columbus, OH, USA
CMI;Univ Of Illinois-Willard ;Champaign, IL, USA
CMN;Mohamed V;Casablanca, Morocco
CMX;Houghton County / Memorial;Hancock, MI, USA
CND;Kogalniceanu;Constanta, Romania
CNF;Aeropuerto Internacional Tancredo Neves;Belo Horizonte /Belo Horizon, Minas Gerais, Brazil
CNM;;Carlsbad, NM, USA
CNS;Cairns;Cairns, Queensland, Australia
CNX;Intl;Chiang Mai, Thailand
CNY;;Moab, UT, USA
COK;Naval Air Station;Cochin, India
COO;Cotonou;Cotonou, Benin
COR;Pajas Blancas;Cordoba, Cordoba, Argentina
COS;Colorado Springs Municipal;Colorado Springs, CO, USA
COU;Columbia Regional;Columbia, MO, USA
CPC;;San Martin De Los Andes, Neuquen, Argentina
CPH;Copenhagen;Copenhagen, Denmark
CPQ;Campinas Intl;Campinas, Sao Paulo, Brazil
CPR;Natrona County Intl ;Casper, WY, USA
CPT;D F Malan;Cape Town, South Africa
CRD;Comodora Rivadavia;Comodoro Rivadavia, Chubut, Argentina
CRI;;Crooked Island, Bahamas
CRP;Corpus Christi Intl ;Corpus Christi, TX, USA
CRU;;Carriacou Island, Grenada
CRW;Yeager ;Charleston, WV, USA
CSG;Columbus Metropolitan / Fort Benning;Columbus, GA, USA
CSX;;Changsha, China
CTA;Fontanarossa;Catania, Sicily, Italy
CTG;Rafael Nunez;Cartagena, Colombia
CTL;Charleville;Charleville, Queensland, Australia
CTS;Chitose;Sapporo, Japan
CTU;;Chengdu, China
CUC;Camilo Daza;Cucuta, Colombia
CUE;Mariscal La Mar;Cuenca, Ecuador
CUL;;Culiacan, Sinaloa, Mexico
CUM;;Cumana, Venezuela
CUN;;Cancun, Mexico
CUP;Carupano;Carupano, Venezuela
CUR;Areopuerto Hato;Willemstad / Curacao Island, Netherlands Antilles
CUU;Genvillalobos;Chihuahua, Chihuahua, Mexico
CUZ;Tte Velazco Astete;Cuzco, Peru
CVG;Greater Cincinnati Intl ;Cincinnati, OH, USA
CVN;;Clovis, NM, USA
CWA;Central Wisconsin ;Wausau, WI, USA
CWB;Afonso Pena;Curitiba, Parana, Brazil
CWL;Cardiff-Wales;Cardiff, Wales, United Kingdom
CWT;Cowra;Cowra, New South Wales, Australia
CXH;Vancouver Harbour ;Vancouver, British Columbia, Canada
CYB;;Cayman Brac Island, Cayman Islands
CYR;;Colonia, Uruguay
CYS;Cheyenne Municipal ;Cheyenne, WY, USA
CZM;Aeropuerto Intl De Cozumel;Cozumel, Quintana Roo, Mexico
DAB;Daytona Beach Intl ;Daytona Beach, FL, USA
DAC;Zia Intl ;Dhaka, Bangladesh
DAD;Da Nang;Da Nang, Vietnam
DAL;Love Field;Dallas, TX, USA
DAM;Damascus Intl;Damascus, Syria
DAN;;Danville, VA, USA
DAR;Intl;Dar Es Salaam, Tanzania
DAY;James M Cox Dayton Intl;Dayton, OH, USA
DBO;Dubbo;Dubbo, New South Wales, Australia
DBQ;Dubuque Municipal ;Dubuque, IA, USA
DBV;Hrvatska;Dubrovnik, Croatia
DCA;Washington National ;Washington, DC, USA
DCF;Cane Field;Dominica, Dominica
DDC;Dodge City Municipal;Dodge City, KS, USA
DEC;Decatur Municiple ;Decatur, IL, USA
DEL;Delhi Intl ;Delhi, India
DEM;Dembidollo;Dembidollo, Ethiopia
DEN;Denver Intl;Denver, CO, USA
DFW;Dallas Ft Worth Intl;Dallas/Ft Worth, TX, USA
DGA;Dangriga;Dangriga, Belize
DGO;Gen Guadalupe Victoria;Durango, Durango, Mexico
DHA;Dhahran Intl;Dhahran, Saudi Arabia
DHN;Municipal;Dothan, AL, USA
DIB;Chabua;Dibrugarh, India
DIJ;Longvic;Dijon, France
DIL;Comoro;Dili, Indonesia
DIY;Diyarbakia;Diyarbakir, Turkey
DKR;Yoff;Dakar, Senegal
DLA;Douala;Douala, Cameroon
DLC;;Dalian, China
DLH;Duluth Intl ;Duluth, MN, USA
DLM;Dalaman;Dalaman, Turkey
DME;Domodedovo;Moscow, Russia
DND;Dundee;Dundee, Scotland, United Kingdom
DNM;;Denham, Western Australia, Australia
DNV;Vermilion County ;Danville, IL, USA
DOH;Doha;Doha, Qatar
DOK;Donetsk;Donetsk, Ukraine
DOL;Saint Gatien;Deauville, France
DOM;Melville Hal-Dom;Dominica, Dominica
DPL;Dipolog;Dipolog, Philippines
DPO;Devonport;Devonport, Tasmania, Australia
DPS;Ngurah Rai;Denpasar Bali, Indonesia
DRO;Durango La Plata County ;Durango, CO, USA
DRS;Dresden;Dresden, Germany
DRT;;Del Rio, TX, USA
DRW;;Darwin, Northern Territory, Australia
DSI;;Destin, FL, USA
DSM;;Des Moines, IA, USA
DTM;Wickede;Dortmund, Germany
DTW;Detroit Metropolitan ;Detroit, MI, USA
DUB;Dublin;Dublin, Ireland
DUD;Momona;Dunedin, New Zealand
DUJ;Jefferson County;Du Bois, PA, USA
DUQ;Quamichan Lake;Duncan / Quam, British Columbia, Canada
DUR;Louis Botha;Durban, South Africa
DUS;Dusseldorf;Dusseldorf, Germany
DUT;Dutch Harbor;Dutch Harbor, AK, USA
DVO;Mati;Davao, Philippines
DXB;Dubai Intl ;Dubai, United Arab Emirates
EAP;;, Switzerland
EAR;Kearney Municipal ;Kearney, NE, USA
EAS;Fuenterrabia;San Sebastian, Spain
EAT;Pangborn Memorial Field;Wenatchee, WA, USA
EAU;Eau Claire Municipal;Eau Claire, WI, USA
EBA;Marina Di Campo;Elba Island, Italy
EBB;Entebbe;Entebbe/Kampala, Uganda
EBJ;Esbjerg;Esbjerg, Denmark
EDI;Turnhouse;Edinburgh, Scotland, United Kingdom
EDR;Edward River;Edward River, Queensland, Australia
EEN;Dillant Hopkins;Keene / Brattleboro, NH, USA
EFD;Ellington Field;Houston, TX, USA
EGE;Eagle County Regional;Vail/Eagle, CO, USA
EIN;Welschap;Eindhoven, Netherlands
EIS;Beef Island;Tortola/Beef Island, Virgin Islands (British)
EJA;Variguies;Barrancabermeja, Colombia
EKO;J C Harris Field;Elko, NV, USA
ELD;;El Dorado, AR, USA
ELH;;North Eleuthera, Bahamas
ELM;Elmira Corning Regional ;Elmira / Corning, NY, USA
ELP;El Paso Intl ;El Paso, TX, USA
ELS;Ben Shoeman;East London, South Africa
ELY;Yelland Field;Ely, NV, USA
EMA;East Midlands;East Midlands, England, United Kingdom
EMD;Emerald;Emerald, Queensland, Australia
ENA;Kenai Municipal ;Kenai, AK, USA
ENS;Twente;Enschede, Netherlands
EOH;Enrique Olaya Herrara;Medellin, Colombia
EPR;Esperance;Esperance, Western Australia, Australia
ERF;Erfurt;Erfurt, Germany
ERI;Erie Intl;Erie, PA, USA
ERS;Eros;Windhoek, Namibia
ERZ;Erzurum;Erzurum, Turkey
ESB;Esenboga;Ankara, Turkey
ESC;Delta County ;Escanaba, MI, USA
ESD;Eastsound/Orcas Island ;Eastsound, WA, USA
ESR;;El Salvador, Chile
ETH;Elat;Elat, Israel
ETZ;Frescaty;Metz/Nancy, France
EUG;Eugene ;Eugene, OR, USA
EUN;Laayoune-Hassan I Morocco;Laayoune, Morocco
EVE;Evenes;Evenes, Norway
EVN;;Yerevan, Armenia
EVV;Evansville Regional ;Evansville, IN, USA
EWB;New Bedford Municipal;New Bedford/Fall River, MA, USA
EWN;Simmons-Nott ;New Bern, NC, USA
EWR;Newark Intl ;Newark, NJ, USA
EXT;Exeter;Exeter, England, United Kingdom
EYW;;Key West, FL, USA
EZE;Eze;Buenos Aires, Buenos Aires, Argentina
FAE;Faeroe Islands;Faroe Islands, Faroe Islands
FAI;Fairbanks Intl ;Fairbanks, AK, USA
FAO;Faro;Faro, Portugal
FAR;Hector ;Fargo, ND, USA
FAT;Fresno Air Terminal;Fresno, CA, USA
FAY;Fayetteville Municipal;Fayetteville, NC, USA
FBU;Fornebu;Oslo, Norway
FCA;Glacier Park Intl;Kalispell, MT, USA
FCO;Leonardo Da Vinci;Rome, Italy
FDE;Forde;Forde, Norway
FDF;Fort De France;Fort De France, Martinique
FDH;Friedrichshafen;Friedrichshafen, Germany
FEZ;Fez;Fez, Morocco
FFM;Fergus Falls Municipal ;Fergus Falls, MN, USA
FHU;;Fort Huachuca/Sierra Vista, AZ, USA
FIH;Kinshasa;Kinshasa, Zaire
FKL;Chess Lamberton;Franklin, PA, USA
FLG;Flagstaff;Flagstaff, AZ, USA
FLL;Ft Lauderdale/Hollywood Intl;Ft Lauderdale, FL, USA
FLN;Florianopolis;Florianopolis, Santa Catarina, Brazil
FLO;Gilbert Field;Florence, SC, USA
FLR;;Florence, Italy
FMA;Formosa;Formosa, Formosa, Argentina
FMN;Four Corners Regional ;Farmington, NM, USA
FMO;Muenster;Muenster, Germany
FNC;Funchal;Funchal, Madeira Islands, Portugal
FNL;Fort Collins / Loveland ;Fort Collins/Loveland, CO, USA
FNT;Bishop Int'l ;Flint, MI, USA
FOD;Fort Dodge Regional ;Fort Dodge, IA, USA
FOE;Forbes Field;Topeka, KS, USA
FOR;Fortaleza;Fortaleza, Ceara, Brazil
FPO;Freeport Intl ;Freeport, Bahamas
FRA;Frankfurt Intl;Frankfurt, Germany
FRD;Friday Harbor ;Friday Harbor, WA, USA
FRM;Fairmont Municipal;Fairmont, MN, USA
FRO;Floro;Floro, Norway
FRS;Flores;Flores, Guatemala
FRU;Bishkek ;Bishkek, Kyrgyzstan
FSD;Joe Foss Field;Sioux Falls, SD, USA
FSM;Fort Smith Municipal;Fort Smith, AR, USA
FSP;;St Pierre, St. Pierre And Miquelon
FUE;Fuerteventura;Fuerteventura / Puerto Del Rosario, Canary Islands/Fuerteventura Island, Spain
FUK;Itazuke;Fukuoka, Japan
FWA;Baer Field;Fort Wayne, IN, USA
FYV;Municipal;Fayetteville, AR, USA
GAJ;Junmachi;Yamagata, Japan
GAL;;Galena, AK, USA
GAU;Borjhar;Gauhati, India
GBE;Gaborone;Gaborone, Botswana
GBG;Galesburg Municiple ;Galesburg, IL, USA
GCC;Campbell County ;Gillette, WY, USA
GCI;Guernsey;Guernsey, Channel Islands, United Kingdom
GCK;Garden City Municipal ;Garden City, KS, USA
GCM;Owen Roberts Intl ;Grand Cayman Island, Cayman Islands
GCN;;Grand Canyon, AZ, USA
GDL;Miguel Hidalgo Intl;Guadalajara, Jalisco, Mexico
GDN;Rebiechowo;Gdansk, Poland
GDT;;Grand Turk Is, Turks And Caicos Islands
GDV;;Glendive, MT, USA
GDX;Magadan;Magadan, Russia
GEG;Intl/Geiger Field;Spokane, WA, USA
GEN;Garderm O E N;Oslo, Norway
GEO;Timehri;Georgetown, Guyana
GET;Geraldton;Geraldton, Western Australia, Australia
GFK;Grand Forks Intl ;Grand Forks, ND, USA
GGG;Gregg County;Longview/Gladewater/Kilgore, TX, USA
GGT;Exuma Intl;George Town, Bahamas
GGW;;Glasgow, MT, USA
GHB;;Governors Harbour, Bahamas
GIB;Gibraltar;Gibraltar, Gibraltar
GIG;Intl ;Rio De Janeiro, Rio De Janeiro, Brazil
GJT;Walker Field;Grand Junction, CO, USA
GKA;Goroka;Goroka, Papua New Guinea
GLA;Glasgow Scotland;Glasgow, Scotland, United Kingdom
GLD;Renner Field;Goodland, KS, USA
GLF;Golfito;Golfito, Costa Rica
GLS;Scholes Field;Galveston, TX, USA
GLV;;Golovin, AK, USA
GNB;St Geoirs;Grenoble, France
GND;Pt Saline;St Georges/Grenada, Grenada
GNV;Jr Alison Municipal;Gainesville, FL, USA
GOA;Christoforo Colombo;Genoa, Italy
GOH;;Nuuk, Greenland
GOI;Dabolim;Goa, India
GOJ;Nizhniy;Nizhniy Novgorod, Russia
GON;Groton-New London;Groton / New London, CT, USA
GOT;Landvetter;Gothenburg, Sweden
GOV;Nhulunbuy;Gove, Northern Territory, Australia
GPS;Baltra;Galapagos Islands, Ecuador
GPT;Gulfport/Biloxi;Gulfport, MS, USA
GRB;Austin/Straybel Field;Green Bay, WI, USA
GRI;Central Nebraska Regional ;Grand Island, NE, USA
GRJ;George;George, South Africa
GRO;Costa Brava;Gerona, Spain
GRQ;Eelde;Groningen, Netherlands
GRR;Kent County Intl ;Grand Rapids, MI, USA
GRU;Guarulhos;Sao Paulo, Sao Paulo, Brazil
GRU;Guarulhos Intl;Sao Paulo, Sao Paulo, Brazil
GRX;Granada;Granada, Spain
GRZ;Thalerhof;Graz, Austria
GSO;Piedmont Triad Intl ;Greensboro / High Point, NC, USA
GTF;Great Falls Intl;Great Falls, MT, USA
GTO;Tolotio;Gorontalo, Indonesia
GTR;Golden;Columbus, MS, USA
GUA;La Aurora Intl ;Guatemala City, Guatemala
GUB;Guerrero Negro ;Guerrero Negro, Baja California Sur, Mexico
GUC;Gunnison County ;Gunnison, CO, USA
GUM;Ab Wonpat Intl ;Guam, Guam
GUP;Gallup Municipal;Gallup, NM, USA
GUR;Gurney;Alotau, Papua New Guinea
GVA;Geneva;Geneva, Switzerland
GWD;;Gwadar, Pakistan
GWT;Westerland;Westerland, Germany
GWY;Carnmore;Galway, Ireland
GXQ;Teniente Vidal;Coyhaique, Chile
GYE;Simon Bolivar;Guayaquil, Ecuador
GYM;;Guaymas, Sonora, Mexico
GYY;;Gary, IN, USA
HAD;Halmstad;Halmstad, Sweden
HAG;;The Hague, Netherlands
HAH;;Moroni (Hahaya), Comoros
HAJ;Langenhagen;Hanover, Germany
HAK;Haikou;Haikou, China
HAM;Fuhlsbuttel;Hamburg, Germany
HAN;Noibai ;Hanoi, Vietnam
HAU;Karmoy;Haugesund, Norway
HAV;Jose Marti;Havana, Cuba
HBA;Hobart;Hobart, Tasmania, Australia
HDB;;Heidelberg, Germany
HDN;Yampa Valley Regional ;Hayden, CO, USA
HDY;;Hat Yai, Thailand
HEL;Helsinki;Helsinki, Finland
HER;Heraklion;Heraklion, Crete Island, Greece
HET;;Hohhot, China
HFT;;Hammerfest, Norway
HGH;;Hangzhou, China
HGN;Mae Hong Son;Mae Hong Son, Thailand
HGR;Washington County Regional ;Hagerstown, MD, USA
HHH;Municipal;Hilton Head, SC, USA
HIB;Hibbing-Chisholm;Hibbing / Chisholm, MN, USA
HIJ;Hiroshima;Hiroshima, Japan
HIR;Henderson Intl;Honiara/Guadalcanal, Solomon Islands
HIS;Hayman Island ;Hayman Island, Queensland, Australia
HKD;Hakodate;Hakodate, Japan
HKG;;Hong Kong, Hong Kong
HKK;Hokitika;Hokitika, New Zealand
HKN;Hoskins;Hoskins, Papua New Guinea
HKT;Phuket;Phuket, Thailand
HKY;;Hickory, NC, USA
HLN;;Helena, MT, USA
HLP;Halim Perdana Kusama;Jakarta, Indonesia
HLZ;Hamilton;Hamilton, New Zealand
HMA;Malmo Harbour;Malmo, Sweden
HMO;General Ignacio Pesqueira Garcia;Hermosillo, Sonora, Mexico
HNA;Hanamaki;Morioka, Japan
HNH;;Hoonah, AK, USA
HNL;Honolulu Intl;Honolulu, HI, USA
HNS;;Haines, AK, USA
HOB;Lea County;Hobbs, NM, USA
HOM;Homer ;Homer, AK, USA
HON;Huron Regional ;Huron, SD, USA
HOT;Memorial Field;Hot Springs, AR, USA
HOU;Houston Hobby ;Houston, TX, USA
HOU;Houston Hobby ;Houston, TX, USA
HPB;;Hooper Bay, AK, USA
HPN;Westchester County ;Westchester County, NY, USA
HPV;Princeville;Kauai Island, HI, USA
HRB;;Harbin, China
HRE;Harare;Harare, Zimbabwe
HRG;;Hurghada, Egypt
HRK;Kharkov;Kharkov, Ukraine
HRL;;Harlingen, TX, USA
HRO;Boone County;Harrison, AR, USA
HSI;;Hastings, NE, USA
HSV;Huntsville-Madison County Jetplex;Huntsville/Decatur, AL, USA
HTI;;Hamilton Island, Queensland, Australia
HTS;Tri-State;Huntington / Ashland, WV, USA
HUF;Hulman Field;Terre Haute, IN, USA
HUI;;Hue, Vietnam
HUM;Terrebonne;Houma, LA, USA
HUN;Hualien;Hualien, Taiwan
HUX;;Huatulco, Oaxaca, Mexico
HUY;Humberside;Humberside, England, United Kingdom
HVB;;Hervey Bay, Queensland, Australia
HVN;Tweed New Haven;New Haven, CT, USA
HVR;City County;Havre, MT, USA
HWN;Hwange National Park;Hwange National Park, Zimbabwe
HYA;Barnstable County;Hyannis, MA, USA
HYD;Begumpet;Hyderabad, India
HYG;;Hydaburg, AK, USA
HYS;Hays Municipal ;Hays, KS, USA
IAD;Dulles;Washington, DC, USA
IAD;Washington-Dulles Intl;Washington, DC, USA
IAH;;Houston, TX, USA
IAH;Houston Intercontinental;Houston, TX, USA
IAS;Iasi;Iasi, Romania
IBZ;Ibiza;Ibiza, Spain
ICT;Mid-Continent ;Wichita, KS, USA
IDA;;Idaho Falls, ID, USA
IEV;Zhulhany;Kiev, Ukraine
IFP;Bullhead;Bullhead City, AZ, USA
IGA;;Inagua, Bahamas
IGM;Mohave County;Kingman, AZ, USA
IGR;Iguazu Intl;Iguazu, Misiones, Argentina
IGU;;Iguassu Falls, Parana, Brazil
IJK;;Izhevsk, Russia
IKT;Irkutsk;Irkutsk, Russia
ILE;;Killeen, TX, USA
ILF;;Ilford, Manitoba, Canada
ILI;;Iliamna, AK, USA
ILM;New Hanover County ;Wilmington, NC, USA
ILO;Mandurriao;Iloilo, Philippines
ILQ;Ilo ;Ilo, Moquegua, Peru
ILY;Glenegedale;Islay, Scotland, United Kingdom
IMF;Municipal;Imphal, India
IMP;;Imperatriz, Maranhao, Brazil
IMT;Ford ;Iron Mountain, MI, USA
IND;Indianapolis Intl ;Indianapolis, IN, USA
INL;Falls Intl;Intl Falls, MN, USA
INN;Kranebitten;Innsbruck, Austria
INT;Smith Reynolds;Winston-Salem, NC, USA
INU;;Nauru, Nauru
INV;Inverness;Inverness, Scotland, United Kingdom
IOA;Ioannina;Ioannina, Greece
IOM;Ronaldsway;Isle Of Man, Isle Of Man, United Kingdom
IOS;Eduardo Gomes;Ilheus, Bahia, Brazil
IPC;Mataveri;Easter Island, Chile
IPH;Ipoh;Ipoh, Malaysia
IPI;San Luis;Ipiales, Colombia
IPT;Williamsport Lycoming Municipal;Williamsport, PA, USA
IQQ;Chucumata;Iquique, Chile
IQT;Cf Secada;Iquitos, Peru
ISB;Intl;Islamabad, Pakistan
ISC;Tresco;Isles Of Scilly, Isles Of Scilly, United Kingdom
ISN;Sloulin Field Intl;Williston, ND, USA
ISO;;Kinston, NC, USA
ISP;Long Island-Macarthur ;Islip, NY, USA
IST;Ataturk;Istanbul, Turkey
ITH;Tompkins County;Ithaca, NY, USA
ITM;Itami Intl Was Osaka;Osaka, Japan
ITO;Hilo Hawaii:Hawaii-Intl Usa;Hilo, HI, USA
IWD;Gogebic County ;Ironwood, MI, USA
IXB;Bagdogra;Bagdogra, India
IXE;Bajpe;Mangalore, India
IXJ;Satwari;Jammu, India
IXM;Madurai;Madurai, India
IXU;Chikkalthana;Aurangabad, India
IXZ;Port Blair;Port Blair, India
IYK;Inyokern ;Inyokern, CA, USA
IZO;;Izumo, Japan
JAC;Jackson Hole ;Jackson Hole, WY, USA
JAI;Sanganeer;Jaipur, India
JAN;Allen C Thompson Field;Jackson, MS, USA
JAT;Jabat Intl;Jabat, Marshall Islands
JAV;;Ilulissat, Greenland
JAX;Jacksonville Intl ;Jacksonville, FL, USA
JBR;Municipal;Jonesboro, AR, USA
JCA;Mandelieu;Cannes, France
JDH;;Jodhpur, India
JDP;Issy Les Moulineaux;Paris, France
JED;Jeddah Intl;Jeddah, Saudi Arabia
JER;States;Jersey, Channel Islands, United Kingdom
JFK;John F Kennedy Intl ;New York, NY, USA
JGA;;Jamnagar, India
JHB;Sultan Ismail Intl;Johor Bahru, Malaysia
JHE;Heliport;Helsingborg, Sweden
JHM;Kapalua;Kapalua, HI, USA
JHW;Chautauqua County ;Jamestown, NY, USA
JIB;Ambouli;Djibouti, Djibouti
JKG;Axamo;Jonkoping, Sweden
JLN;Municipal ;Joplin, MO, USA
JMC;Marin County;Sausalito, CA, USA
JMK;Mikonos;Mikonos, Greece
JMM;Malmo Harbour Heliport;Malmo, Sweden
JMO;;Jomsom, Nepal
JMS;Jamestown Municipal ;Jamestown, ND, USA
JNB;Jan Smuts;Johannesburg, South Africa
JNS;;Narssaq, Greenland
JNU;Juneau;Juneau, AK, USA
JNX;Naxos ;Naxos, Cyclades Islands, Greece
JOG;;Yogyakarta, Indonesia
JOI;Federal;Joinville, Santa Catarina, Brazil
JON;;Johnston Island, US, Outlying Islands
JRA;;New York City, NY, USA
JRO;Kilimanjaro;Kilimanjaro, Tanzania
JSI;Skiathos;Skiathos, Greece
JST;Johnstown Cambria;Johnstown, PA, USA
JTR;Santorini;Santorini/Thira Is, Greece
JUJ;El Cadillal;Jujuy, Provincia Jujuy, Argentina
JUL;Juliaca;Juliaca, Peru
KAB;Kariba;Kariba, Zimbabwe
KAE;;Kake, AK, USA
KAL;;Kaltag, AK, USA
KAN;Aminu Kano Intl;Kano, Nigeria
KAT;Kaitaia;Kaitaia, New Zealand
KBP;Borispol;Kiev, Ukraine
KBR;Sultan Ismail Petra;Kota Bharu, Malaysia
KCG;Fisheries;Chignik, AK, USA
KCH;Kuching;Kuching, Sarawak, Malaysia
KCL;Lagoon;Chignik, AK, USA
KEF;Keflavik;Reykjavik, Iceland
KEH;;Kenmore Air Harbor, WA, USA
KEJ;Kemerovo;Kemerovo, Russia
KEL;Holtenau;Kiel, Germany
KEM;Kemi;Kemi/Tornio, Finland
KEP;Nepalganj;Nepalganj, Nepal
KER;Kerman;Kerman, Iran
KGC;;Kingscote, South Australia, Australia
KGD;Kaliningrad ;Kaliningrad, Russia
KHH;;Kaohsiung, Taiwan
KHI;Karachi;Karachi, Pakistan
KHV;Novy;Khabarovsk, Russia
KIN;;Kingston, Jamaica
KIR;Kerry County;Kerry County, Ireland
KIV;Kishinev;Kishinev, Moldova
KIX;Kansai Intl;Osaka, Japan
KJA;;Krasnojarsk, Russia
KKN;Hoeyburtmoen;Kirkenes, Norway
KLO;Kalibo;Kalibo, Philippines
KLR;Kalmar;Kalmar, Sweden
KLU;Klagenfurt;Klagenfurt, Austria
KLW;;Klawock, AK, USA
KMG;Kunming;Kunming, China
KMI;Miyazaki;Miyazaki, Japan
KMJ;Kumamoto;Kumamoto, Japan
KNS;King Island;King Island, Tasmania, Australia
KOA;Keahole;Kona, HI, USA
KOI;Kirkwall;Kirkwall / Orkney Island, Scotland, United Kingdom
KOJ;Kagoshima;Kagoshima, Japan
KOK;Kruunupyy;Kokkola/Pietarsaari, Finland
KPN;;Kipnuk, AK, USA
KPO;Na;Pohang, South Korea
KRF;Kramfors;Kramfors, Sweden
KRK;Balice;Krakow, Poland
KRN;Kiruna;Kiruna, Sweden
KRP;Karup;Karup, Denmark
KRR;Krasnodar;Krasnodar, Russia
KRS;Kjevik;Kristiansand, Norway
KRT;Civil;Khartoum, Sudan
KSA;;Kosrae, Caroline Islands, Micronesia
KSC;Barca;Kosice, Slovakia
KSH;Bakhtaran Iran;Kermanshah, Iran
KSJ;Kasos Island;Kasos Island, Greece
KSU;Kvernberget;Kristiansund, Norway
KTM;Tribhuvan;Kathmandu, Nepal
KTN;Ketchikan Intl;Ketchikan, AK, USA
KTR;Tindal;Katherine, Northern Territory, Australia
KTW;Pyrzowice;Katowice, Poland
KUA;Padang Geroda;Kuantan, Malaysia
KUF;Samara;Samara, Russia
KUL;Subang Kuala Lumpur Intl;Kuala Lumpur, Malaysia
KUN;Kaunas;Kaunas, Lithuania
KUO;Kuopio;Kuopio, Finland
KUS;Metropolitan Area;Kulusuk, Greenland
KUV;;Kunsan, South Korea
KVA;Kavala;Kavala, Greece
KWA;;Kwajalein, Marshall Islands
KWI;Intl;Kuwait, Kuwait
KWL;;Guilin, China
KZN;Kazan;Kazan, Russia
LAD;Fevereiro;Luanda, Angola
LAF;Purdue University ;Lafayette, IN, USA
LAN;Capital City ;Lansing, MI, USA
LAP;Aeropuerto General Marquez De Leon;La Paz, Baja California Sur, Mexico
LAR;General Brees Field;Laramie, WY, USA
LAS;Mccarran Intl ;Las Vegas, NV, USA
LAW;Municipal;Lawton, OK, USA
LAX;Los Angeles Intl ;Los Angeles, CA, USA
LAX;Los Angeles Intl ;Los Angeles, CA, USA
LBA;;Leeds/Bradford, England, United Kingdom
LBB;Lubbock Intl ;Lubbock, TX, USA
LBE;Westmoreland County;Latrobe, PA, USA
LBF;Lee Bird Field;North Platte, NE, USA
LBL;Glenn L Martin Terminal;Liberal, KS, USA
LBU;;Labuan, Sabah, Malaysia
LBV;Libreville;Libreville, Gabon
LCA;Intl;Larnaca, Cyprus
LCE;Intl;La Ceiba, Honduras
LCG;La Coruna;La Coruna, Spain
LCH;Municipal;Lake Charles, LA, USA
LCY;London City;London, England, United Kingdom
LDB;Londrina;Londrina, Parana, Brazil
LDE;Tarbes Intl;Lourdes/Tarbes, France
LDU;Lahad Datu;Lahad Datu, Sabah, Malaysia
LEA;;Learmonth, Western Australia, Australia
LEB;Lebanon Regional;Lebanon/Hanover/White River, NH, USA
LED;Pulkovo;St Petersburg, Russia
LEH;Le Havre;Le Havre, France
LEI;Almeria;Almeria, Spain
LEJ;Leipzig;Leipzig, Germany
LET;Gen Av Cob0;Leticia, Colombia
LEX;Blue Grass Field;Lexington, KY, USA
LFT;Municipal;Lafayette / New Iberia, LA, USA
LFW;Lome;Lome, Togo
LGA;Laguardia;New York, NY, USA
LGB;Long Beach Municipal ;Long Beach, CA, USA
LGG;Bierset;Liege, Belgium
LGI;Deadmans Cay;Deadmans Cay / Long Island, Bahamas
LGK;;Langkawi, Malaysia
LGP;Legaspi;Legaspi, Philippines
LGW;Gatwick;London, England, United Kingdom
LHE;Lahore;Lahore, Pakistan
LHR;Heathrow;London, England, United Kingdom
LIG;Bellegarde;Limoges, France
LIH;Lihue Municipal ;Kauai Island, HI, USA
LIM;Intl Jorge Chavez;Lima, Peru
LIN;Linate;Milan, Italy
LIR;Liberia;Liberia, Costa Rica
LIS;Lisboa;Lisbon, Portugal
LIT;Little Rock Regional ;Little Rock, AR, USA
LJU;Brnik;Ljubljana, Slovenia
LKE;Lake Union Sea Plane Base;Seattle, WA, USA
LKL -;;
LKN;Leknes;Leknes, Norway
LKO;;Lucknow, India
LLA;Kallax;Lulea, Sweden
LLW;Kamuzu Intl;Lilongwe, Malawi
LLY;Mt Holly;Mount Holly, NJ, USA
LMM;;Los Mochis, Sinaloa, Mexico
LMN;Limbang;Limbang, Sarawak, Malaysia
LMT;Kingsley Field ;Klamath Falls, OR, USA
LNK;Municipal ;Lincoln, NE, USA
LNS;Lancaster;Lancaster, PA, USA
LNV;Londolovit;Londolovit, Papua New Guinea
LNY;Lanai;Lanai City, HI, USA
LNZ;Linz;Linz, Austria
LOS;Murtala Muhammed;Lagos, Nigeria
LOV;Monclova ;Monclova, Coahuila, Mexico
LPA;Aeropuerto De Gran Canaria;Gran Canaria, Canary Islands, Spain
LPB;El Alto;La Paz, Bolivia
LPI;Saab;Linkoping, Sweden
LPL;Liverpool;Liverpool, England, United Kingdom
LRD;Intl;Laredo, TX, USA
LRH;Laleu;La Rochelle, France
LRM;;Casa De Campo, Dominican Republic
LRS;Leros;Leros, Greece
LRT;Lann-Bihoue;Lorient, France
LRU;;Las Cruces, NM, USA
LSC;La Florida;La Serena, Chile
LSE;La Crosse Municipal;La Crosse, WI, USA
LSI;Shetland Islands;Shetland Islands /Shetland Isd, Scotland, United Kingdom
LSP;Josefa Camejo;Las Piedras, Venezuela
LSQ;Maria Dolores;Los Angeles, Chile
LSS;;Terre-De-Haut, Guadeloupe
LST;Launceston;Launceston, Tasmania, Australia
LSY;Lismore;Lismore, New South Wales, Australia
LTN;Luton Intl;London, England, United Kingdom
LTO;;Loreto, Baja California Sur, Mexico
LUA;Lukla;Lukla, Nepal
LUD;Luderitz;Luderitz, Namibia
LUG;Agno;Lugano, Switzerland
LUN;Lusaka;Lusaka, Zambia
LUX;Findel;Luxembourg, Luxembourg
LVI;Livingstone;Livingstone, Zambia
LWB;Greenbrier Valley ;Greenbrier, WV, USA
LWK;Tingwall;Shetland Islands /Shetland Isd, Scotland, United Kingdom
LWO;Snilow;Lvov, Ukraine
LWS;Lewiston-Nez Perce ;Lewiston, ID, USA
LWT;Municipal;Lewistown, MT, USA
LWY;Lawas;Lawas, Sarawak, Malaysia
LXR;Luxor;Luxor, Egypt
LYH;Municipal ;Lynchburg, VA, USA
LYP;Lyallpur;Faisalabad, Pakistan
LYR;Svalbard;Longyearbyen, Norway
LYS;Satolas;Lyon, France
LZC;Na;Lazaro Cardenas, Michoacan, Mexico
MAA;Meenambarkkam;Madras, India
MAD;Barajas;Madrid, Spain
MAF;Midland Intl ;Midland/Odessa, TX, USA
MAG;Madang;Madang, Papua New Guinea
MAH;Aerop De Menorca;Menorca, Spain
MAJ;Intl;Majuro, Marshall Islands
MAM;Servando Canales;Matamoros, Tamaulipas, Mexico
MAN;Intl;Manchester, England, United Kingdom
MAO;Eduardo Gomes;Manaus, Amazonas, Brazil
MAR;La Chinita;Maracaibo, Venezuela
MAY;;Mangrove Cay, Bahamas
MAZ;El Maui;Mayaguez, PR, USA
MBA;Moi Intl;Mombasa, Kenya
MBJ;Sangster;Montego Bay, Jamaica
MBL;Manistee Blacker ;Manistee, MI, USA
MBS;Tri-City ;Midland / Bay City / Saginaw, MI, USA
MCG;Mc Grath;Mc Grath, AK, USA
MCI;Kansas City Intl ;Kansas City, MO, USA
MCK;Municipal;Mc Cook, NE, USA
MCM;Hel De Monte Carlo;Monte Carlo, Monaco
MCN;Lewis B Wilson;Macon, GA, USA
MCO;Orlando Intl ;Orlando, FL, USA
MCP;;Macapa, Amapa, Brazil
MCT;Seeb;Muscat, Oman
MCW;Mason City Municipal ;Mason City, IA, USA
MCY;Maroochydore;Sunshine Coast, Queensland, Australia
MDC;Samratulang;Manado, Indonesia
MDE;La Playas;Medellin, Colombia
MDH;Southern Illinois ;Carbondale, IL, USA
MDQ;;Mar Del Plata, Buenos Aires, Argentina
MDT;Harrisburg Intl ;Harrisburg, PA, USA
MDW;Midway;Chicago, IL, USA
MDZ;El Plumerillo;Mendoza, Mendoza, Argentina
MED;Madinah-Prince Mohammad Bin Abdulaziz;Medinah, Saudi Arabia
MEI;Key Field;Meridian, MS, USA
MEL;Tullamarine;Melbourne, Victoria, Australia
MEM;Memphis Intl ;Memphis, TN, USA
MES;Polonia;Medan, Indonesia
MEX;Juarez Intl ;Mexico City, Distrito Federal, Mexico
MEY;Meghauli;Meghauli, Nepal
MFE;;Mc Allen/Mission, TX, USA
MFN;;Milford Sound, New Zealand
MFR;Medford-Jackson County ;Medford, OR, USA
MGA;;Managua, Nicaragua
MGM;Dannelly Field;Montgomery, AL, USA
MGQ;;Mogadishu, Somalia
MGW;Morgantown Municipal ;Morgantown, WV, USA
MHH;;Marsh Harbour, Bahamas
MHK;Manhattan Municipal;Manhattan, KS, USA
MHQ;;Mariehamn, Aland Island, Finland
MHT;Manchester;Manchester, NH, USA
MIA;Miami Intl ;Miami, FL, USA
MID;Merida Internationl;Merida, Yucatan, Mexico
MIE;Delaware County ;Muncie, IN, USA
MIR;Skanes;Monastir, Tunisia
MJT;Mytilene;Mytilene, Greece
MJV;San Javier;Murcia, Spain
MKC;Downtown;Kansas City, MO, USA
MKE;General Mitchell Field;Milwaukee, WI, USA
MKG;Muskegon County Intl ;Muskegon, MI, USA
MKK;Municipal;Hoolehua, HI, USA
MKL;Mc Kellar Field;Jackson, TN, USA
MKM;;Mukah, Sarawak, Malaysia
MKW;Rendani;Manokwari, Indonesia
MKY;Mackay;Mackay, Queensland, Australia
MLA;Luqa;Malta, Malta
MLB;Melbourne Regional ;Melbourne, FL, USA
MLE;Male Intl;Male, Maldives
MLG;;Malang, Indonesia
MLH;Mulhouse;Mulhouse, France
MLI;Quad City ;Moline, IL, USA
MLM;Municipal;Morelia, Michoacan, Mexico
MLO;Milos;Milos, Greece
MLS;Miles City;Miles City, MT, USA
MLU;;Monroe, LA, USA
MMB;;Memanbetsu, Japan
MME;Tees-Side;Teesside, England, United Kingdom
MMH;Mammoth Lakes ;Mammoth Lakes, CA, USA
MMK;Murmansk;Murmansk, Russia
MMU;Morristown;Morristown, NJ, USA
MMX;Sturup;Malmo, Sweden
MNI;Blackburne;Montserrat, Montserrat
MNL;Ninoy Aquino Intl;Manila, Philippines
MNM;Twin County ;Menominee, MI, USA
MOB;Mobile Municipal;Mobile, AL, USA
MOD;Harry Sham Feild;Modesto, CA, USA
MOL;Aro;Molde, Norway
MOT;Minot Intl ;Minot, ND, USA
MOW;;Moscow, Russia
MPA;;Mpacha, Namibia
MPB;Miami Public Seaplane Base;Miami, FL, USA
MPL;Frejorgues;Montpellier, France
MPM;Maputo Intl;Maputo, Mozambique
MQL;Mildura;Mildura, Victoria, Australia
MQN;Rossvoll;Mo I Rana, Norway
MQT;Marquette County ;Marquette, MI, USA
MRD;Alberto Carnevalli;Merida, Venezuela
MRK;;Marco Island, FL, USA
MRS;Marseille-Provence;Marseille, France
MRU;Plaisance;Mauritius, Mauritius
MRY;Monterey Peninsula ;Monterey / Carmel, CA, USA
MSJ;;Misawa, Japan
MSL;Muscle Shoals;Muscle Shoals / Florence / Sheffield, AL, USA
MSN;Dane County Regional ;Madison, WI, USA
MSO;Missoula Intl;Missoula, MT, USA
MSP;Minneapolis/St Paul Intl ;Minneapolis, MN, USA
MSQ;Minsk;Minsk, Belarus
MSS;;Massena, NY, USA
MST;Zuid-Limburg;Maastricht, Netherlands
MSU;Maseru;Maseru, Lesotho
MSY;Moisant Intl ;New Orleans, LA, USA
MTH;;Marathon, FL, USA
MTJ;Montrose County ;Montrose, CO, USA
MTY;Escobedo;Monterrey, Nuevo Leon, Mexico
MUB;;Maun, Botswana
MUC;Franz Josef Strauss;Munich, Germany
MUN;;Maturin, Venezuela
MVD;Carrasco;Montevideo, Uruguay
MVN;Mount Vernon Outland ;Mount Vernon, IL, USA
MVY;;Marthas Vineyard, MA, USA
MWA;;Marion, IL, USA
MXL;Rodolfo Sanchez Taboada;Mexicali, Baja California, Mexico
MXP;Malpensa;Milan, Italy
MYA;Moruya;Moruya, New South Wales, Australia
MYJ;Matsuyama;Matsuyama, Japan
MYR;;Myrtle Beach, SC, USA
MYY;Miri;Miri, Sarawak, Malaysia
MZL;Santaguida;Manizales, Colombia
MZT;Buelna;Mazatlan, Sinaloa, Mexico
MZV;Mulu ;Mulu, Malaysia
NAG;Sonegaon;Nagpur, India
NAH;;Naha, Indonesia
NAK;Nakhon Ratchasima;Nakhon Ratchasima, Thailand
NAN;Intl;Nadi, Fiji
NAP;Capodichino;Naples, Italy
NAS;Nassau Intl ;Nassau, Bahamas
NAT;Agusto Severo;Natal, Rio Grande Do Norte, Brazil
NAY;;Beijing, China
NBO;Jomo Kenyatta Internatonal;Nairobi, Kenya
NCA;;North Caicos, Turks And Caicos Islands
NCE;Cote D'azur;Nice, France
NCL;Intl;Newcastle, England, United Kingdom
NCY;Annecy-Meythe;Annecy, France
NDJ;N'djamena;N Djamena, Chad
NEC;Necochea;Necochea, Buenos Aires, Argentina
NEV;;Nevis, Leeward Islands, Saint Kitts And Nevis
NGO;Komaki;Nagoya, Japan
NGS;Nagasaki;Nagasaki, Japan
NJC;Nizhnevartovsk;Nizhnevartovsk, Russia
NKC;Nouakchott;Nouakchott, Mauritania
NKG;;Nanjing, China
NLA;Ndola;Ndola, Zambia
NLD;;Nuevo Laredo, Tamaulipas, Mexico
NLP;;Nelspruit, South Africa
NNG;;Nanning, China
NOC;Rep Of Ireland;Connaught, Ireland
NOU;Tontouta;Noumea, New Caledonia
NPL;New Plymouth;New Plymouth, New Zealand
NQY;Newquay Civil;Newquay, England, United Kingdom
NRT;Narita;Tokyo, Japan
NRT;;Tokyo, Japan
NSB;North Seaplane Base;Bimini, Bahamas
NSI;Nsimalen;Yaounde, Cameroon
NSN;Nelson;Nelson, New Zealand
NTE;Nantes-Chateau Bougon;Nantes, France
NTL;Williamtown;Newcastle, New South Wales, Australia
NUE;Nuremberg;Nuremberg, Germany
NVT;;Navegantes, Santa Catarina, Brazil
NWA;;Moheli, Comoros
NWI;Norwich;Norwich, England, United Kingdom
OAG;Springhill;Orange, New South Wales, Australia
OAJ;;Jacksonville, NC, USA
OAK;Metropolitan Oakland Intl;Oakland, CA, USA
OAX;Xoxocotlan;Oaxaca, Oaxaca, Mexico
OBO;Obihiro;Obihiro, Japan
ODE;Odense;Odense, Denmark
ODS;Central;Odessa, Ukraine
ODW;;Oak Harbor, WA, USA
OFK;Karl Stefan Memorial ;Norfolk, NE, USA
OGG;Kahului ;Kahului, HI, USA
OGS;;Ogdensburg, NY, USA
OHD;Ohrid;Ohrid, Macedonia
OIT;Oita;Oita, Japan
OKA;Naha Field;Okinawa, Ryukyu Islands, Japan
OKC;Will Rogers World ;Oklahoma City, OK, USA
OKJ;Okayama;Okayama, Japan
OLF;;Wolf Point, MT, USA
OMA;Eppley Airfield;Omaha, NE, USA
OME;;Nome, AK, USA
OMR;Oradea;Oradea, Romania
ONG;Mornington Is;Mornington, Queensland, Australia
ONT;Ontario Intl;Ontario, CA, USA
OOK;;Toksook Bay, AK, USA
OOL;Coolangatta;Gold Coast, Queensland, Australia
OOM;;Cooma, New South Wales, Australia
OPF;Opa Locka;Miami, FL, USA
OPO;Porto;Porto, Portugal
ORB;Orebro;Orebro, Sweden
ORD;O'hare Intl ;Chicago, IL, USA
ORF;Norfolk Intl ;Norfolk, VA, USA
ORH;Worcester /James D O'brien Field;Worcester, MA, USA
ORK;Cork;Cork, Ireland
ORL;Herndon;Orlando, FL, USA
ORN;Es Senia;Oran, Algeria
ORY;Orly;Paris, France
OSA;Osaka Intl;Osaka, Japan
OSD;Froesoe;Ostersund, Sweden
OSH;Wittman Field;Oshkosh, WI, USA
OTH;;North Bend, OR, USA
OTM;Ottumwa Industrial ;Ottumwa, IA, USA
OTP;Otopeni;Bucharest, Romania
OTZ;;Kotzebue, AK, USA
OUA;Ouagadougou;Ouagadougou, Burkina Faso
OUL;Oulu;Oulu, Finland
OVB;Tolmachevo;Novosibirsk, Russia
OVD;Asturias;Asturias, Spain
OWB;;Owensboro, KY, USA
OWD;Memorial Code: Owd;Norwood, MA, USA
OXB;Osvaldo Vieira;Bissau, Guinea-Bissau
OXR;Oxnard ;Oxnard / Ventura, CA, USA
OZZ;Ouarzazate;Ouarzazate, Morocco
PAD;Paderborn;Paderborn, Germany
PAH;;Paducah, KY, USA
PAP;Mais Gate;Port Au Prince, Haiti
PAR;;Paris, France
PAS;Paros Community;Paros, Greece
PAT;Patna;Patna, India
PAZ;;Poza Rica, Veracruz, Mexico
PBC;;Puebla, Puebla, Mexico
PBI;Palm Beach Intl ;West Palm Beach, FL, USA
PBM;Zanderij Intl;Paramaribo, Suriname
PBO;Paraburdoo;Paraburdoo, Western Australia, Australia
PCL;Captain Rolden;Pucallpa, Peru
PCT;Princeton Municipal;Princeton, NJ, USA
PDG;Tabing;Padang, Indonesia
PDL;Nordela;Ponta Delgada, Azores Islands, Portugal
PDT;;Pendleton, OR, USA
PDX;Portland Intl ;Portland, OR, USA
PEE;Perm;Perm, Russia
PEG;Na;Perugia, Italy
PEI;Matecana;Pereira, Colombia
PEK;Peking Capital ;Beijing, China
PEN;Penang Intl;Penang, Malaysia
PER;Perth;Perth, Western Australia, Australia
PES;Petrozavodsk ;Petrozavodsk, Russia
PEW;Peshawar;Peshawar, Pakistan
PFN;;Panama City, FL, USA
PFO;Intl;Paphos, Cyprus
PGA;;Page, AZ, USA
PGF;Llabanere;Perpignan, France
PGV;;Greenville, NC, USA
PGX;;Perigueux, France
PHE;Port Hedlan;Port Hedland, Western Australia, Australia
PHF;Patrick Henry Intl;Newport News/Williamsburg/Hampton, VA, USA
PHL;Philadelphia Intl ;Philadelphia, PA, USA
PHO;Point Hope;Point Hope, AK, USA
PHS;;Phitsanulok, Thailand
PHX;Sky Harbor Intl ;Phoenix, AZ, USA
PIA;Greater Peoria ;Peoria, IL, USA
PIB;Laurel Hattiesburg/Camp Shelby;Laurel, MS, USA
PID;Paradise Island;Nassau, Bahamas
PIE;St Petersburg/Clearwater Intl;St Petersburg/Clearwater, FL, USA
PIH;;Pocatello, ID, USA
PIK;Prestwick;Glasgow, Scotland, United Kingdom
PIR;Pierre Municipal ;Pierre, SD, USA
PIT;Greater Pit Intnl ;Pittsburgh, PA, USA
PIW;;Pikwitonei, Manitoba, Canada
PJG;;Panjgur, Pakistan
PKB;Wood County;Parkersburg / Marietta, WV, USA
PKC;Petropavlovsk-Kamchatsky;Petropavlovsk-Kamchatsky, Russia
PKE;Parkes;Parkes, New South Wales, Australia
PKR;Pokhara;Pokhara, Nepal
PKU;Simpang Tiga;Pekanbaru, Indonesia
PLB;;Plattsburgh, NY, USA
PLH;Plymouth ;Plymouth, England, United Kingdom
PLM;Sultan Mahmud Badaruddin Ii;Palembang, Indonesia
PLN;Pellston Regional ;Pellston, MI, USA
PLO;Port Lincoln;Port Lincoln, South Australia, Australia
PLQ;Palanga;Palanga, Lithuania
PLS;;Providenciales, Turks And Caicos Islands
PLU;Confins/Pampulha;Belo Horizonte /Belo Horizon, Minas Gerais, Brazil
PLW;Mutiara;Palu, Indonesia
PLZ;Hf Verwoerd;Port Elizabeth, South Africa
PMC;Tepual;Puerto Montt, Chile
PMD;Air Force 42;Palmdale, CA, USA
PMI;Palma Mallorca;Palma Mallorca, Mallorca Island, Spain
PMO;Punta Raisi;Palermo, Sicily, Italy
PMR;Palmerstown North;Palmerston North, New Zealand
PMV;Gral Santiago Marino;Porlamar, Venezuela
PNA;Pamplona;Pamplona, Spain
PNC;;Ponca City, OK, USA
PNH;Pochentong;Phnom Penh, Cambodia
PNI;Pohnpei Intl;Pohnpei, Caroline Islands, Micronesia
PNK;Supadio;Pontianak, Indonesia
PNL;Pantelleria;Pantelleria, Italy
PNQ;Lohegaon Poona;Poona, India
PNR;Pointe Noire;Pointe Noire, Congo
PNS;;Pensacola, FL, USA
POA;Salgado Filho;Porto Alegre, Rio Grande Do Sul, Brazil
POG;Port Gentil;Port Gentil, Gabon
POM;Jackson;Port Moresby, Papua New Guinea
POP;La Union;Puerto Plata, Dominican Republic
POR;Pori;Pori, Finland
POS;Piarco Intl ;Port Of Spain, Trinidad, Trinidad And Tobago
POU;Dutchess County;Poughkeepsie, NY, USA
POZ;Lawica;Poznan, Poland
PPG;Intl;Pago Pago, American Samoa
PPS;Puerto Princesa;Puerto Princesa, Philippines
PPT;Intl Tahiti-Faaa;Papeete, French Polynesia
PQI;;Presque Isle, ME, USA
PQQ;Port Macquarie;Port Macquarie, New South Wales, Australia
PRC;;Prescott, AZ, USA
PRG;Ruzyne;Prague, Czech Republic
PRI;;Praslin Island, Seychelles
PSA;G Galilei;Pisa, Italy
PSE;Mercedita;Ponce, PR, USA
PSG;Municipal;Petersburg, AK, USA
PSM;Pease Intl Tradeport;Portsmouth, NH, USA
PSO;Cano;Pasto, Colombia
PSP;Palm Springs Municipal;Palm Springs, CA, USA
PSR;Liberi;Pescara, Italy
PSZ;;Puerto Suarez, Bolivia
PTF;Malololailai;Malololailai, Fiji
PTG;;Pietersburg, South Africa
PTP;Le Raizet;Pointe A Pitre, Guadeloupe
PTY;Tocumen Intl ;Panama City, Panama
PUB;Pueblo Memorial ;Pueblo, CO, USA
PUJ;;Punta Cana, Dominican Republic
PUQ;Presidente Ibanez;Punta Arenas, Chile
PUS;Kimhae;Pusan, South Korea
PUW;Pullman;Pullman, WA, USA
PUY;Pula;Pula, Croatia (Hrvatska)
PUZ;Puerto Cabezas;Puerto Cabezas, Nicaragua
PVC;Provincetown Municipal ;Provincetown, MA, USA
PVD;Tf Green State ;Providence, RI, USA
PVR;Gustavo Diaz Ordaz;Puerto Vallarta, Jalisco, Mexico
PVU;Provo;Provo, UT, USA
PWK;Pal-Waukee ;Chicago, IL, USA
PWM;Portland Intl Jetport;Portland, ME, USA
PWT;Municipal;Bremerton, WA, USA
PXM;;Puerto Escondido, Oaxaca, Mexico
PXO;Porto Santo;Porto Santo, Madeira Islands, Portugal
PZE;Penzance;Penzance, England, United Kingdom
PZO;Puerto Ordaz;Puerto Ordaz, Venezuela
QBF;;Vail/Eagle, CO, USA
QDU;Main Train Station;Duesseldorf, Germany
QKB;;Breckenridge, CO, USA
QKL;Train Main Railroad Station;Cologne, Germany
QRO;;Queretaro, Queretaro, Mexico
QSY;;Sydney, New South Wales, Australia
RAB;Lakunai;Rabaul, Papua New Guinea
RAJ;Rajkot;Rajkot, India
RAK;Menara;Marrakech, Morocco
RAP;Rapid City Regional ;Rapid City, SD, USA
RAR;Rarotonga;Rarotonga, Cook Islands
RBA;Sale;Rabat, Morocco
RCB;Richards Bay;Richards Bay, South Africa
RCE;Roche Harbor;Roche Harbor, WA, USA
RDD;Redding Municipal ;Redding, CA, USA
RDG;Municipal / Spaatz Field;Reading, PA, USA
RDU;Raleigh Durham Intl ;Raleigh/Durham, NC, USA
REC;Guararapes Intl;Recife, Pernambuco, Brazil
REG;Tito Menniti;Reggio Calabria, Italy
REL;;Trelew, Chubut, Argentina
RES;;Resistencia, Chaco, Argentina
REU;Reus;Reus, Spain
REX;General Lucio Blanco ;Reynosa, Tamaulipas, Mexico
RFD;Greater Rockford;Rockford, IL, USA
RGA;;Rio Grande, Tierra Del Fuego, Argentina
RGL;Rio Gallegos-Internacional;Rio Gallegos, Santa Cruz, Argentina
RGN;Mingaladon;Yangon, Myanmar
RHI;Rhinelander Oneida County ;Rhinelander, WI, USA
RHO;Paradisi;Rhodes, Greece
RIC;Richmond Intl ;Richmond, VA, USA
RIO;;Rio De Janeiro, Rio De Janeiro, Brazil
RIW;Riverton Regional ;Riverton, WY, USA
RIX;Riga;Riga, Latvia
RKD;Rockland;Rockland, ME, USA
RKS;Rock Springs Sweetwater Cty ;Rock Springs, WY, USA
RKV;Reykjavik Domestic ;Reykjavik, Iceland
RMA;Roma;Roma, Queensland, Australia
RNB;Kallinge;Ronneby, Sweden
RNN;Arnager;Bornholm, Denmark
RNO;Reno-Cannon Intl;Reno, NV, USA
RNS;St Jacques;Rennes, France
ROA;Roanoke Regional ;Roanoke, VA, USA
ROC;Monroe County ;Rochester, NY, USA
ROM;Leonardo Da Vinci / Fiumicino;Rome, Italy
ROP;Rota;Rota, Northern Mariana Islands
ROR;Airai;Koror, Palau
ROS;Fisherton;Rosario, Santa Fe, Argentina
ROV;Rostov;Rostov, Russia
ROW;Industrial Air Center;Roswell, NM, USA
RPR;;Raipur, India
RRG;Rodrigues;Rodrigues Island, Mauritius
RSA;;Santa Rosa, La Pampa, Argentina
RSD;;Rock Sound, Bahamas
RST;Rochester Municipal;Rochester, MN, USA
RSU;Yosu ;Yosu, South Korea
RSW;Regional Southwest ;Fort Myers, FL, USA
RTB;Roatan;Roatan, Honduras
RTM;Rotterdam;Rotterdam, Netherlands
RUH;King Khaled Intl;Riyadh, Saudi Arabia
RUI;;Ruidoso, NM, USA
RUN;Gillot;St-Denis De La Reunion, Reunion
RUT;;Rutland, VT, USA
RWI;Wilson;Rocky Mount, NC, USA
SAB;;Saba Island, Netherlands Antilles
SAF;Santa Fe Municipal ;Santa Fe, NM, USA
SAH;Intl;Sanaa, Yemen
SAL;El Salvadore Intl ;San Salvador, El Salvador
SAN;Lindbergh Intl ;San Diego, CA, USA
SAP;La Mesa;San Pedro Sula, Honduras
SAT;San Antonio Intl;San Antonio, TX, USA
SAV;Travis Field;Savannah, GA, USA
SBA;Santa Barbara ;Santa Barbara, CA, USA
SBH;;St Barthelemy, Guadeloupe
SBN;Michiana Regional ;South Bend, IN, USA
SBP;San Luis Obispo County ;San Luis Obispo, CA, USA
SBW;Sibu;Sibu, Sarawak, Malaysia
SBY;Salisbury-Wicomico County ;Salisbury, MD, USA
SCE;University Park ;State College, PA, USA
SCL;Aeropuerto Comodoro Arturo Merino Benitez;Santiago, Chile
SCN;Ensheim;Saarbruecken, Germany
SCQ;Santiago;Santiago De Compostela, Spain
SCU;Santiago-Antonio Maceo Cuba;Santiago, Cuba
SDF;Standiford Field;Louisville, KY, USA
SDJ;Sendai;Sendai, Japan
SDK;;Sandakan, Sabah, Malaysia
SDL;Sundsvall;Sundsvall, Sweden
SDN;;Sandane, Norway
SDQ;Las Americas;Santo Domingo, Dominican Republic
SDR;Santander;Santander, Spain
SDU;Santos Dumont;Rio De Janeiro, Rio De Janeiro, Brazil
SDX;;Sedona, AZ, USA
SDY;;Sidney, MT, USA
SEA;Seattle Tacoma Intl ;Seattle, WA, USA
SEL;Kimpo Intl;Seoul, South Korea
SEZ;Mahe Island Seychelles Intl;Mahe Island, Seychelles
SFA;Sfax ;Sfax, Tunisia
SFG;Esperance;St Martin, Netherlands Antilles
SFJ;Sondre Stromfjord;Kangerlussuaq, Greenland
SFN;;Santa Fe, Santa Fe, Argentina
SFO;San Francisco Intl ;San Francisco, CA, USA
SFT;Skelleftea;Skelleftea, Sweden
SGC;;Surgut, Russia
SGD;Sonderborg;Sonderborg, Denmark
SGF;Springfield Regional ;Springfield, MO, USA
SGN;Tan Son Nhut;Ho Chi Minh City, Vietnam
SGO;St George;St George, Queensland, Australia
SGU;St George;Saint George, UT, USA
SGY;;Skagway, AK, USA
SHA;Shanghai Intl /Hongqiao/;Shanghai, China
SHC;;Indaselassie, Ethiopia
SHD;Shenandoah Valley Regional;Staunton, VA, USA
SHE;Shenyang;Shenyang, China
SHJ;Sharjah;Sharjah, United Arab Emirates
SHO;;Sokcho, South Korea
SHR;Sheridan County ;Sheridan, WY, USA
SHV;Regional ;Shreveport, LA, USA
SID;Amilcar Cabral Intl;Sal, Cape Verde
SIN;Changi Intl ;Singapore, Singapore
SIP;Simferopol;Simferopol, Ukraine
SIT;Sitka;Sitka, AK, USA
SJC;San Jose Intl ;San Jose, CA, USA
SJD;Los Cabos Intl ;San Jose Del Cabo, Baja California Sur, Mexico
SJI;Mcguire Field;San Jose, Philippines
SJJ;Butmir;Sarajevo, Bosnia And Herzegowina
SJO;Juan Santamaria Intl;San Jose, Costa Rica
SJT;;San Angelo, TX, USA
SJU;Luis Munoz Marin Intl;San Juan, PR, USA
SJW;Shijiazhuang;Shijiazhuang, China
SKB;Golden Rock;St Kitts, Saint Kitts And Nevis
SKD;;Samarkand, Uzbekistan
SKG;Thessaloniki;Thessaloniki, Greece
SKP;Skopje;Skopje, Macedonia
SKS;Jojens;Vojens Lufthavn, Denmark
SLA;Intl;Salta, Salta, Argentina
SLC;Salt Lake City Intl ;Salt Lake City, UT, USA
SLK;Adirondack;Saranac Lake, NY, USA
SLN;Salina Municipal;Salina, KS, USA
SLP;;San Luis Potosi, San Luis Potosi, Mexico
SLU;Vigie Field;St Lucia, Saint Lucia
SLW;Saltillo;Saltillo, Coahuila, Mexico
SLZ;Tirirical;Sao Luiz, Maranhao, Brazil
SMF;Sacramento Metropolitan;Sacramento, CA, USA
SML;;Stella Maris, Bahamas
SMM;Semporna;Semporna, Sabah, Malaysia
SMS;;St Marie, Madagascar
SMX;Santa Maria Public ;Santa Maria, CA, USA
SNA;John Wayne ;Santa Ana, CA, USA
SNB;;Snake Bay, Northern Territory, Australia
SNN;Shannon;Shannon, Ireland
SNO;;Sakon Nakhon, Thailand
SOF;Sofia Intl;Sofia, Bulgaria
SOG;Haukasen;Sogndal, Norway
SOM;;San Tome, Venezuela
SOP;Pinehurst;Southern Pines, NC, USA
SOU;Eastleigh;Southampton, England, United Kingdom
SOW;;Show Low, AZ, USA
SPB;Seaplane Base;St Thomas Island, VI, USA
SPC;La Palma;Santa Cruz La Palma, Canary Islands, Spain
SPD;;Saidpur, Bangladesh
SPI;Capital ;Springfield, IL, USA
SPN;Saipan Intl Northrn Mariana Isles;Saipan, Northern Mariana Islands
SPR;San Pedro;San Pedro, Belize
SPS;Wichita Falls Municipal;Wichita Falls, TX, USA
SPU;Split;Split, Croatia (Hrvatska)
SPW;Spencer Municipal ;Spencer, IA, USA
SRE;Sucre;Sucre, Bolivia
SRQ;Sarasota-Bradenton;Sarasota/Bradenton, FL, USA
SSA;Dois De Julho;Salvador, Bahia, Brazil
SSB;Sea Plane Base;St Croix Island, VI, USA
SSG;Santa Isabel;Malabo, Equatorial Guinea
SSH;Ophira;Sharm El Sheikh, Egypt
SSJ;Stokka;Sandnessjoen, Norway
SSQ;;La Sarre, Quebec, Canada
STC;Saint Cloud;Saint Cloud, MN, USA
STD;Mayor Humberto Vivas Guerrero;Santo Domingo, Venezuela
STI;Municipal;Santiago, Dominican Republic
STL;Lambert-St Louis Internatl;St Louis, MO, USA
STM;;Santarem, Para, Brazil
STN;Stansted;London, England, United Kingdom
STP;Downtown ;St Paul, MN, USA
STR;Echterdingen;Stuttgart, Germany
STS;Sonoma County ;Santa Rosa, CA, USA
STT;Cyril E King ;St Thomas Island, VI, USA
STX;;St Croix Island, VI, USA
SUB;Juanda ;Surabaya, Indonesia
SUE;;Sturgeon Bay, WI, USA
SUN;;Sun Valley/Hailey, ID, USA
SUV;Nausori;Suva, Fiji
SVD;;St Vincent, St. Vincent And The Grenadines
SVG;Sola;Stavanger, Norway
SVL;Savonlinna;Savonlinna, Finland
SVO;Sheremetyevo;Moscow, Russia
SVQ;;Sevilla, Spain
SVU;Savusavu;Savusavu, Fiji
SVX;;Ekaterinburg, Russia
SVZ;;San Antonio, Venezuela
SWA;;Shantou, China
SWF;Stewart;Newburgh/Poughkeepsie, NY, USA
SWP;;Swakopmund, Namibia
SWQ;Brang Bidji;Sumbawa Island, Indonesia
SXB;Entzheim;Strasbourg, France
SXF;Schoenefeld;Berlin, Germany
SXL;Collooney;Sligo, Ireland
SXM;Juliana;St Maarten, Netherlands Antilles
SXR;;Srinagar, India
SYD;Sydney /Kingsford-Smith/ ;Sydney, New South Wales, Australia
SYO;Shonai;Shonai, Japan
SYR;Hancock Intl;Syracuse, NY, USA
SYX;;Sanya, China
SYY;Stornoway;Stornoway, Scotland, United Kingdom
SYZ;Shiraz;Shiraz, Iran
SZG;Salzburg;Salzburg, Austria
SZX;Shenzhen;Shenzhen, China
SZZ;Goleniow;Szczecin, Poland
TAB;Crown Point;Tobago, Tobago, Trinidad And Tobago
TAC;Dz Romualdez;Tacloban, Philippines
TAE;;Taegu, South Korea
TAG;Tagbilaran;Tagbilaran, Philippines
TAI;Al-Janad;Taiz, Yemen
TAM;;Tampico, Tamaulipas, Mexico
TAP;Tapachula Intl;Tapachula, Chiapas, Mexico
TAS;Tashkent;Tashkent, Uzbekistan
TAT;Tatry/Poprad;Tatry/Poprad, Slovakia
TBN;Forney Field;Ft Leonard Wood, MO, USA
TBP;Tumbes;Tumbes, Peru
TBS;Novo Alexeyevka;Tbilisi, Georgia
TBT;;Tabatinga, Amazonas, Brazil
TBU;Intl;Nuku Alofa/Tongatapu, Tonga
TCI;Tenerife Norte Los Rodeos;Tenerife, Canary Islands, Spain
TCL;Van De Graff;Tuscaloosa, AL, USA
TDD;;Trinidad, Bolivia
TED;;Thisted, Denmark
TER;Lajes;Terceira Island, Azores Islands, Portugal
TEX;Telluride Municipal ;Telluride, CO, USA
TEZ;Salonbari;Tezpur, India
TFN;Tenerife Norte Los Rodeos;Tenerife, Canary Islands, Spain
TFS;Reina Sofia;Tenerife, Canary Islands, Spain
TGD;Golubovci;Podgorica, Yugoslavia
TGG;Sultan Mahmood;Kuala Terengganu, Malaysia
TGM;Tirgu Mures;Tirgu Mures, Romania
TGU;Toncontin;Tegucigalpa, Honduras
TGZ;Llano San Juan;Tuxtla Gutierrez, Chiapas, Mexico
THE;Teresina;Teresina, Piaui, Brazil
THF;Tempelhof;Berlin, Germany
THR;Mehrabad;Tehran, Iran
THU;Thule ;Pituffik, Greenland
TIA;Rinas;Tirana, Albania
TIJ;General Abelardo L Rodriguez;Tijuana, Baja California, Mexico
TIQ;Tinian;Tinian, Northern Mariana Islands
TIS;Horn Island;Thursday Island, Queensland, Australia
TIV;Tivat;Tivat, Yugoslavia
TIZ;;Tari, Papua New Guinea
TJA;;Tarija, Bolivia
TJM;Tyumen;Tyumen, Russia
TKK;Truk;Truk, Caroline Islands, Micronesia
TKQ;;Kigoma, Tanzania
TKS;Tokushima;Tokushima, Japan
TKU;Turku;Turku, Finland
TLH;;Tallahassee, FL, USA
TLL;Ulemiste;Tallinn, Estonia
TLS;Blagnac;Toulouse, France
TLV;Ben-Gurion Intl;Tel Aviv Yafo, Israel
TMP;Tampere-Pirkkala;Tampere, Finland
TMW;Tamworth;Tamworth, New South Wales, Australia
TNG;Boukhalef Souahel;Tangier, Morocco
TNR;Ivato;Antananarivo, Madagascar
TOL;Toledo Express ;Toledo, OH, USA
TOS;Tromso/Langes;Tromso, Norway
TOY;Toyama;Toyama, Japan
TPA;Tampa Intl;Tampa, FL, USA
TPE;Chiang Kai Shek ;Taipei, Taiwan
TPL;;Temple, TX, USA
TPP;Tarapoto;Tarapoto, Peru
TPQ;;Tepic, Nayarit, Mexico
TPS;Birgi;Trapani, Sicily, Italy
TRC;;Torreon, Coahuila, Mexico
TRD;Trondheim-Vaernes;Trondheim, Norway
TRE;Tiree Island;Tiree, Scotland, United Kingdom
TRF;Torf;Sandefjord, Norway
TRG;Tauranga;Tauranga, New Zealand
TRI;Municipal Tri-City ;Bristol/Johnson City/Kingsport, TN, USA
TRK;Tarakan;Tarakan, Indonesia
TRN;Caselle;Turin, Italy
TRS;Ronchi Dei Legionari;Trieste, Italy
TRU;Trujillo;Trujillo, Peru
TRV;Trivandrum;Trivandrum, India
TRZ;Civil;Tiruchirapally, India
TSA;Sung Shan;Taipei, Taiwan
TSR;Timisoara;Timisoara, Romania
TSS;East 34Th Street Heliport;New York, NY, USA
TSV;Townsville;Townsville, Queensland, Australia
TTE;Babullah;Ternate, Indonesia
TTJ;Tottori;Tottori, Japan
TTN;Mercer County;Trenton, NJ, USA
TUC;Benjamin Matienzo;Tucuman, Tucuman, Argentina
TUF;St Symphorien;Tours, France
TUL;Tulsa Intl;Tulsa, OK, USA
TUN;Carthage;Tunis, Tunisia
TUO;Taupo;Taupo, New Zealand
TUP;Cd Lemons Municipal;Tupelo, MS, USA
TUS;Tucson Intl ;Tucson, AZ, USA
TVC;Cherry Capital ;Traverse City, MI, USA
TVF;Thief River Falls Municipal;Thief River Falls, MN, USA
TVL;Lake Tahoe;South Lake Tahoe, CA, USA
TWB;Toowoomba;Toowoomba, Queensland, Australia
TWF;;Twin Falls, ID, USA
TXK;Municipal;Texarkana, AR, USA
TXL;Tegel;Berlin, Germany
TXN;;Tunxi, China
TYN;;Taiyuan, China
TYR;Pounds Field;Tyler, TX, USA
TYS;Mcghee Tyson;Knoxville, TN, USA
TZA;Belize Municipal;Belize City, Belize
TZN;Congo Town;South Andros, Bahamas
TZX;Trabzon;Trabzon, Turkey
UAK;Narssarssuaq;Narsarsuaq, Greenland
UAQ;;San Juan, San Juan, Argentina
UBJ;;Ube, Japan
UCA;Oneida County;Utica, NY, USA
UDR;;Udaipur, India
UEL;;Quelimane, Mozambique
UET;;Quetta, Pakistan
UGC;;Urgench, Uzbekistan
UIB;;Quibdo, Colombia
UIN;Baldwin Field;Quincy, IL, USA
UIO;Mariscal;Quito, Ecuador
UIP;Pluguffan;Quimper, France
ULN;Ulan Bator;Ulan Bator, Mongolia
ULY;Ulyanoysk;Ulyanovsk, Russia
UME;Umea;Umea, Sweden
UMR;Woomera;Woomera, South Australia, Australia
UNT;;Unst Shetland Islands, Scotland, United Kingdom
UPG;Hasanudin;Ujung Pandang, Indonesia
UPN;;Uruapan, Michoacan, Mexico
URC;;Urumqi, China
URO;Rouen /Boos ;Rouen, France
URT;;Surat Thani, Thailand
USH;;Ushuaia, Tierra Del Fuego, Argentina
USM;;Koh Samui, Thailand
USN;;Ulsan, South Korea
UTH;Udon;Udon Thani, Thailand
UTN;Municipal;Upington, South Africa
UUD;;Ulan-Ude, Russia
UVF;Hewanorra;St Lucia, Saint Lucia
VAA;Vaasa;Vaasa, Finland
VAR;Varna;Varna, Bulgaria
VAS;Sivas;Sivas, Turkey
VBY;Visby;Visby, Sweden
VCE;Marco Polo;Venice, Italy
VCT;;Victoria, TX, USA
VDA;;Ovda, Israel
VDS;Vadso;Vadso, Norway
VDZ;;Valdez, AK, USA
VER;Las Bajadas / General Heriberto Jara;Veracruz, Veracruz, Mexico
VEY;Vestmannaeyjar;Vestmannaeyjar, Iceland
VFA;;Victoria Falls, Zimbabwe
VGO;;Vigo, Spain
VGT;North Air Terminal;Las Vegas, NV, USA
VIE;Schwechat;Vienna, Austria
VIJ;;Virgin Gorda, Virgin Islands (British)
VIS;Visalia Municipal ;Visalia, CA, USA
VIT;Vitoria;Vitoria, Spain
VIX;Eureco Sales;Vitoria, Espirito Santo, Brazil
VKO;Vnukovo;Moscow, Russia
VLC;Valencia;Valencia, Spain
VLD;Valdosta Regional;Valdosta, GA, USA
VLG;Villa Gesell;Villa Gesell, Buenos Aires, Argentina
VLI;Bauerfield;Port Vila, Vanuatu
VLL;Valladolid;Valladolid, Spain
VLN;Valencia;Valencia, Venezuela
VNO;Vilnius ;Vilnius, Lithuania
VNS;Babatpur;Varanasi, India
VOG;Volgograd;Volgograd, Russia
VPS;Fort Walton Beach;Valparaiso, FL, USA
VRA;Juan Gualberto Gomez;Varadero, Cuba
VRB;Vero Beach Municipal;Vero Beach, FL, USA
VRK;Varkaus;Varkaus, Finland
VRN;Verona;Verona, Italy
VSA;Carlos R Perez;Villahermosa, Tabasco, Mexico
VSG;;Lugansk, Ukraine
VST;Hasslo;Vasteras, Sweden
VTE;Wattay;Vientiane, Laos
VTZ;Vishakhapatnam;Vishakhapatnam, India
VUP;;Valledupar, Colombia
VVI;Viru Viru Intl;Santa Cruz, Bolivia
VVO;Vladivostok ;Vladivostok, Russia
VXO;Vaxjo;Vaxjo, Sweden
WAT;;Waterford, Ireland
WAW;Okecie;Warsaw, Poland
WBU;;Boulder, CO, USA
WDG;Woodring Municipal;Enid, OK, USA
WDH;Jg Strijdom;Windhoek, Namibia
WGA;Forest Hill;Wagga-Wagga, New South Wales, Australia
WGE;Walgett;Walgett, New South Wales, Australia
WIC;Wick;Wick, Scotland, United Kingdom
WIL;Wilson ;Nairobi, Kenya
WIN;Winton;Winton, Queensland, Australia
WLG;Intl;Wellington, New Zealand
WMH;;Mountain Home, AR, USA
WNA;Napakiak;Napakiak, AK, USA
WRL;Worland;Worland, WY, USA
WRO;Strachowice;Wroclaw, Poland
XAW;Capreol / Via Rail Service;Capreol, Ontario, Canada
XAZ;Campbellton;Cambellton, New Brunswick, Canada
XBR;;Brockville, Ontario, Canada
XCI;Chambord / Via Rail Service;Chambord, Quebec, Canada
XCM;;Chatham, Ontario, Canada
XDL;Chandler / Via Rail Service;Chandler, Quebec, Canada
XDM;;Drummondville, Quebec, Canada
XDU;Hervey / Via Rail Service;Hervey, Quebec, Canada
XEE;Lac Edouard / Via Rail Service;Lac Edouard, Quebec, Canada
XEH;Ladysmith / Via Rail Service;Ladysmith, British Columbia, Canada
XEJ;Langford / Via Rail Service;Langford, British Columbia, Canada
XEK;Melville / Via Rail Service;Melville, Saskatchewan, Canada
XEL;New Carlisle / Via Rail Service;New Carlisle, Quebec, Canada
XEM;New Richmond / Via Rail Service;New Richmond, Quebec, Canada
XEY;Newcastle / Via Rail Service;Newcastle, New Brunswick, Canada
XFD;;Stratford, Ontario, Canada
XFE;Parent / Via Rail Service;Parent, Quebec, Canada
XFG;Perce / Via Rail Service;Perce, Quebec, Canada
XFL;Shawinigan / Via Rail Service;Shawinigan, Quebec, Canada
XFM;Shawnigan / Via Rail Service;Shawnigan, British Columbia, Canada
XFO;Taschereau / Via Rail Service;Taschereau, Quebec, Canada
XFQ;Weymont / Via Rail Service;Weymont, Quebec, Canada
XFS;Alexandria / Via Rail Service;Alexandria, Ontario, Canada
XFV;Brantford / Via Rail Service;Brantford, Ontario, Canada
XGJ;Cobourg / Via Rail Service;Cobourg, Ontario, Canada
XGK;Coteau / Via Rail Service;Coteau, Quebec, Canada
XGY;Grimsby / Via Rail Service;Grimsby, Ontario, Canada
XHM;Georgetown / Via Rail Service;Georgetown, Ontario, Canada
XHS;Chemainus / Via Rail Service;Chemainus, British Columbia, Canada
XIA;Guelph / Via Rail Service;Guelph, Ontario, Canada
XIB;Ingersoll / Via Rail Service;Ingersoll, Ontario, Canada
XID;Maxville / Via Rail Service;Maxville, Ontario, Canada
XIM;Saint Hyacinthe / Via Rail Service;Saint-Hyacinthe, Quebec, Canada
XIO;St Marys / Via Rail Service;St Marys, Ontario, Canada
XIP;Woodstock / Via Rail Service;Woodstock, Ontario, Canada
XIY;Xianyang;Xi An, China
XJL;Joliette / Via Rail Service;Joliette, Quebec, Canada
XJQ;Jonquiere / Via Rail Service;Jonquiere, Quebec, Canada
XLV;;Niagara Falls, Ontario, Canada
XLZ;;Truro, Nova Scotia, Canada
XMN;Xiamen Intl;Xiamen, China
XOK;Oakville / Via Rail Service;Oakville, Ontario, Canada
XPB;Parksville / Via Rail Service;Parksville, British Columbia, Canada
XPN;Brampton / Via Rail Service;Brampton, Ontario, Canada
XPX;Pointe Aux Trembles / Via Rail Service;Pointe-Aux-Trembles, Quebec, Canada
XQP;;Quepos, Costa Rica
XQU;;Qualicum, British Columbia, Canada
XRP;Riviere A Pierre / Via Rail Service;Riviere-A-Pierre, Quebec, Canada
XRY;La Parra;Jerez De La Frontera, Spain
XSC;;South Caicos, Turks And Caicos Islands
XTY;Strathroy / Via Rail Service;Strathroy, Ontario, Canada
XVV;Belleville / Via Rail Service;Belleville, Ontario, Canada
XWY;Wyoming / Via Rail Service;Wyoming, Ontario, Canada
XZB;Casselman / Via Rail Service;Casselman, Ontario, Canada
XZC;Glencoe / Via Rail Service;Glencoe, Ontario, Canada
YAM;Sault Ste Marie ;Sault Ste Marie, Ontario, Canada
YAP;;Yap, Caroline Islands, Micronesia
YAZ;Tofino ;Tofino, British Columbia, Canada
YBA;;Banff, Alberta, Canada
YBC;;Baie Comeau, Quebec, Canada
YBL;Metropolitan Area;Campbell River /Campbell Rvr, British Columbia, Canada
YBR;;Brandon, Manitoba, Canada
YBX;Blanc Sablon ;Blanc Sablon, Quebec, Canada
YCA;;Courtenay, British Columbia, Canada
YCC;Regional;Cornwall, Ontario, Canada
YCD;Cassidy ;Nanaimo, British Columbia, Canada
YCG;;Castlegar, British Columbia, Canada
YCM;;St Catharines, Ontario, Canada
YCO;;Coppermine, Northwest Territories, Canada
YDF;Deer Lake;Deer Lake, Newfoundland, Canada
YDN;;Dauphin, Manitoba, Canada
YDQ;;Dawson Creek, British Columbia, Canada
YEC;Yechon;Yechon, South Korea
YEG;Edmonton Intl;Edmonton, Alberta, Canada
YEL;;Elliot Lake, Ontario, Canada
YEV;Inuvik Intl ;Inuvik, Northwest Territories, Canada
YEY;;Amos, Quebec, Canada
YFB;;Iqaluit, Northwest Territories, Canada
YFC;Fredericton Municipal;Fredericton, New Brunswick, Canada
YFS;Fort Simpson ;Fort Simpson, Northwest Territories, Canada
YGB;;Gillies Bay, British Columbia, Canada
YGK;Kingston ;Kingston, Ontario, Canada
YGP;;Gaspe, Quebec, Canada
YGR;House Harbour ;Iles De La Madeleine, Quebec, Canada
YGT;;Igloolik, Northwest Territories, Canada
YGW;Kuujjuarapik;Kuujjuarapik, Quebec, Canada
YGX;;Gillam, Manitoba, Canada
YHB;;Hudson Bay, Saskatchewan, Canada
YHD;Dryden ;Dryden, Ontario, Canada
YHI;;Holman Island, Northwest Territories, Canada
YHM;Hamilton Civic ;Hamilton, Ontario, Canada
YHN;;Hornepayne, Ontario, Canada
YHY;;Hay River, Northwest Territories, Canada
YHZ;Halifax Intl;Halifax, Nova Scotia, Canada
YIB;;Atikokan, Ontario, Canada
YJA;;Jasper, Alberta, Canada
YJT;Stephenville;Stephenville, Newfoundland, Canada
YKA;Fulton Field;Kamloops, British Columbia, Canada
YKF;Kitchener;Kitchener, Ontario, Canada
YKL;Schefferville;Schefferville, Quebec, Canada
YKM;Yakima Air Terminal;Yakima, WA, USA
YKQ;Waskaganish;Waskaganish, Quebec, Canada
YKS;;Yakutsk, Russia
YLD;;Chapleau, Ontario, Canada
YLQ;La Tuque;La Tuque, Quebec, Canada
YLW;Ellison Field ;Kelowna, British Columbia, Canada
YMM;Fort Mcmurray Municipal;Fort Mcmurray, Alberta, Canada
YMO;Moosonee;Moosonee, Ontario, Canada
YMT;Chibougamau;Chibougamau, Quebec, Canada
YMX;;Montreal, Quebec, Canada
YND;Gatineau;Gatineau, Quebec, Canada
YNG;Youngstown Municipal ;Youngstown, OH, USA
YOJ;Footner Lake Muncpl;High Level, Alberta, Canada
YOO;;Oshawa, Ontario, Canada
YOP;Rainbow Lake;Rainbow Lake, Alberta, Canada
YOW;Ottawa Intl;Ottawa, Ontario, Canada
YPE;Peace River;Peace River, Alberta, Canada
YPF;;Esquimalt, British Columbia, Canada
YPR;Digby Island;Prince Rupert /Princ Rupert, British Columbia, Canada
YPW;;Powell River, British Columbia, Canada
YPZ;;Burns Lake, British Columbia, Canada
YQB;Sainte Foy ;Quebec, Quebec, Canada
YQC;;Quaqtaq, Quebec, Canada
YQD;The Pas;The Pas, Manitoba, Canada
YQG;Windsor Intl;Windsor, Ontario, Canada
YQH;Watson Lake ;Watson Lake, Yukon Territory, Canada
YQI;;Yarmouth, Nova Scotia, Canada
YQK;;Kenora, Ontario, Canada
YQL;Lethbridge ;Lethbridge, Alberta, Canada
YQM;Lakeburn Municipal ;Moncton, New Brunswick, Canada
YQQ;Comox Civil Air Terminal;Comox, British Columbia, Canada
YQR;Regina Intl;Regina, Saskatchewan, Canada
YQT;;Thunder Bay, Ontario, Canada
YQU;Grande Prairie ;Grande Prairie, Alberta, Canada
YQX;Gander Intl ;Gander, Newfoundland, Canada
YQY;Sydney Municipal;Sydney, Nova Scotia, Canada
YQZ;;Quesnel, British Columbia, Canada
YRB;Resolute Bay;Resolute, Northwest Territories, Canada
YRL;;Red Lake, Ontario, Canada
YSB;;Sudbury, Ontario, Canada
YSF;Stony Rapids;Stony Rapids, Saskatchewan, Canada
YSH;;Smith Falls, Ontario, Canada
YSJ;Turnbull Field;Saint John, New Brunswick, Canada
YSL;St Leonard;St Leonard, New Brunswick, Canada
YSM;;Fort Smith, Northwest Territories, Canada
YSN;;Salmon Arm, British Columbia, Canada
YSP;;Marathon, Ontario, Canada
YTA;Pem And Area;Pembroke, Ontario, Canada
YTD;;Thicket Portage, Manitoba, Canada
YTH;Thompson;Thompson, Manitoba, Canada
YTS;Timmins Municipal ;Timmins, Ontario, Canada
YTZ;;Toronto, Ontario, Canada
YUL;;Montreal, Quebec, Canada
YUM;Yuma Intl ;Yuma, AZ, USA
YVA;;Moroni (Hahaya/Iconi)Comoros
YVB;;Bonaventure, Quebec, Canada
YVC;La Ronge;La Ronge, Saskatchewan, Canada
YVP;Fort Chimo ;Kuujjuaq, Quebec, Canada
YVR;Vancouver Intl;Vancouver, British Columbia, Canada
YVZ;;Deer Lake, Ontario, Canada
YWG;Winnipeg Intl;Winnipeg, Manitoba, Canada
YWH;Victoria Inner Harbour;Victoria, British Columbia, Canada
YWK;Wabush Municipal;Wabush, Newfoundland, Canada
YWL;;Williams Lake, British Columbia, Canada
YWR;White River;White River, Ontario, Canada
YXC;Cranbrook ;Cranbrook, British Columbia, Canada
YXD;Edmonton Municipal;Edmonton, Alberta, Canada
YXE;Saskatoon;Saskatoon, Saskatchewan, Canada
YXH;Medicine Hat ;Medicine Hat, Alberta, Canada
YXJ;Fort St John;Fort St John, British Columbia, Canada
YXL;;Sioux Lookout, Ontario, Canada
YXS;Prince George B C;Prince George, British Columbia, Canada
YXT;Terrace;Terrace, British Columbia, Canada
YXU;London Municipal;London, Ontario, Canada
YXY;Whitehorse ;Whitehorse, Yukon Territory, Canada
YXZ;;Wawa, Ontario, Canada
YYB;Jack Garland ;North Bay, Ontario, Canada
YYC;Calgary Intl ;Calgary, Alberta, Canada
YYD;Smithers Intl;Smithers, British Columbia, Canada
YYF;;Penticton, British Columbia, Canada
YYG;Charlottetown;Charlottetown, Prince Edward Island/, Canada
YYJ;Victoria ;Victoria, British Columbia, Canada
YYQ;Churchill ;Churchill, Manitoba, Canada
YYR;Goose Bay Municipal ;Goose Bay, Newfoundland, Canada
YYT;St John's Intl;St Johns, Newfoundland, Canada
YYU;;Kapuskasing, Ontario, Canada
YYY;;Mont Joli, Quebec, Canada
YYZ;Pearson Intl ;Toronto, Ontario, Canada
YZF;;Yellowknife, Northwest Territories, Canada
YZT;Port Hardy ;Port Hardy, British Columbia, Canada
YZV;;Sept-Iles, Quebec, Canada
ZAG;Zagreb;Zagreb, Croatia (Hrvatska)
ZAH;Zahedan;Zahedan, Iran
ZAL;Pichoy;Valdivia, Chile
ZAM;Zamboanga ;Zamboanga, Philippines
ZAZ;Zaragoza;Zaragoza, Spain
ZBV;;Vail/Eagle, CO, USA
ZCL;;Zacatecas, Zacatecas, Mexico
ZCO;Manquehue;Temuco, Chile
ZDJ;Berne-Rr Station;Berne, Switzerland
ZGI;;Gods River, Manitoba, Canada
ZHA;;Zhanjiang, China
ZHO;;Houston, British Columbia, Canada
ZIH;Intl;Ixtapa/Zihuatanejo, Guerrero, Mexico
ZLO;Aeropuerto Intl;Manzanillo, Colima, Mexico
ZNA;;Nanaimo, British Columbia, Canada
ZNE;Newman;Newman, Western Australia, Australia
ZNZ;Kisauni;Zanzibar, Tanzania
ZQN;Frankton;Queenstown, New Zealand
ZRF;;Rockford, IL, USA
ZRH;Zurich;Zurich, Switzerland
ZSA;;San Salvador, Bahamas
ZTH;Zakinthos;Zakinthos, Greece
